country;country_code;year;composite_index
Albania;ALB;2009;80.14818702735583
Albania;ALB;2010;81.52387787892155
Albania;ALB;2011;82.28470288533249
Albania;ALB;2012;83.28536999440561
Albania;ALB;2013;84.3002320602281
Albania;ALB;2014;84.5800462360105
Albania;ALB;2015;84.37669156806396
Albania;ALB;2016;83.93722882113113
Albania;ALB;2017;83.87479345243496
Albania;ALB;2018;84.0101621535436
Albania;ALB;2019;84.55755807503833
Albania;ALB;2020;83.65645860422558
Albania;ALB;2021;83.48111139678632
Albania;ALB;2022;84.45353556798223
Albania;ALB;2023;84.91148238113563
Albania;ALB;2024;87.51754720866421
Algeria;DZA;2009;77.99388378382613
Algeria;DZA;2010;78.75930165432777
Algeria;DZA;2011;79.33408595193164
Algeria;DZA;2012;79.59548326725483
Algeria;DZA;2013;79.87956448280923
Algeria;DZA;2014;80.0501113392713
Algeria;DZA;2015;80.23639028200691
Algeria;DZA;2016;80.80282927736096
Algeria;DZA;2017;81.35593114961397
Algeria;DZA;2018;81.7696910190095
Algeria;DZA;2019;81.90289293683023
Algeria;DZA;2020;80.94325511002829
Algeria;DZA;2021;81.84112573530167
Algeria;DZA;2022;82.33120948388148
Algeria;DZA;2023;82.23465627634087
Algeria;DZA;2024;82.51926379421853
Andorra;AND;2009;85.40044923484417
Andorra;AND;2010;85.69587300634713
Andorra;AND;2011;85.81469941297566
Andorra;AND;2012;85.95214777975733
Andorra;AND;2013;86.08942934856736
Andorra;AND;2014;86.26093831317915
Andorra;AND;2015;86.54027442547256
Andorra;AND;2016;86.97142392203023
Andorra;AND;2017;87.02569384081379
Andorra;AND;2018;87.08155084613048
Andorra;AND;2019;87.07451695874565
Andorra;AND;2020;85.51366307690235
Andorra;AND;2021;86.62245880448594
Andorra;AND;2022;88.8460185675528
Andorra;AND;2023;91.25572620590017
Andorra;AND;2024;91.92406307375039
Angola;AGO;2009;47.65855132045422
Angola;AGO;2010;49.348481114276524
Angola;AGO;2011;50.47725041777025
Angola;AGO;2012;52.23589082896648
Angola;AGO;2013;53.7312846089883
Angola;AGO;2014;54.20127674289237
Angola;AGO;2015;56.12987348254153
Angola;AGO;2016;57.208956102523246
Angola;AGO;2017;57.711974301538135
Angola;AGO;2018;58.38955510010608
Angola;AGO;2019;58.83600663729438
Angola;AGO;2020;59.035039477394015
Angola;AGO;2021;59.37687349605403
Angola;AGO;2022;59.993151582354834
Angola;AGO;2023;60.44859839313458
Angola;AGO;2024;60.43888593656164
Argentina;ARG;2009;83.87781349014361
Argentina;ARG;2010;84.78827371759726
Argentina;ARG;2011;85.63256444067655
Argentina;ARG;2012;85.81872574546175
Argentina;ARG;2013;86.13740909979254
Argentina;ARG;2014;86.6402998487824
Argentina;ARG;2015;87.17407353478164
Argentina;ARG;2016;87.42099041998894
Argentina;ARG;2017;87.98473662021173
Argentina;ARG;2018;88.04370669785173
Argentina;ARG;2019;88.38338065127334
Argentina;ARG;2020;88.38237639933631
Argentina;ARG;2021;88.98890073646902
Argentina;ARG;2022;89.62150091141844
Argentina;ARG;2023;89.36324427341081
Argentina;ARG;2024;89.23382137059723
Armenia;ARM;2009;80.48249551997519
Armenia;ARM;2010;81.30276644172052
Armenia;ARM;2011;80.37740541433111
Armenia;ARM;2012;79.65304418120378
Armenia;ARM;2013;79.55851214098915
Armenia;ARM;2014;79.95610871939084
Armenia;ARM;2015;80.14030840675571
Armenia;ARM;2016;80.5011522243704
Armenia;ARM;2017;80.76485142948432
Armenia;ARM;2018;81.07950640171893
Armenia;ARM;2019;81.48095356771574
Armenia;ARM;2020;80.49341997208465
Armenia;ARM;2021;80.87407456450764
Armenia;ARM;2022;82.01054480858471
Armenia;ARM;2023;82.80436142538235
Armenia;ARM;2024;82.667140021063
Australia;AUS;2009;99.343063758295
Australia;AUS;2010;99.38485873842512
Australia;AUS;2011;99.69400981603059
Australia;AUS;2012;99.91411237758797
Australia;AUS;2013;99.93191864835114
Australia;AUS;2014;100.0
Australia;AUS;2015;99.99525763669173
Australia;AUS;2016;99.62137766870826
Australia;AUS;2017;98.78628965861269
Australia;AUS;2018;96.69990846578087
Australia;AUS;2019;98.13632546853248
Australia;AUS;2020;97.6378193686429
Australia;AUS;2021;97.96852965659933
Australia;AUS;2022;97.32341776195209
Australia;AUS;2023;97.24077411816752
Australia;AUS;2024;97.17057487624379
Austria;AUT;2009;90.08851316524945
Austria;AUT;2010;90.81495164816373
Austria;AUT;2011;91.14957321508051
Austria;AUT;2012;91.35541768154881
Austria;AUT;2013;91.61457559029202
Austria;AUT;2014;91.76765181912133
Austria;AUT;2015;91.7691833389856
Austria;AUT;2016;92.00153875657125
Austria;AUT;2017;92.09143167020895
Austria;AUT;2018;92.40866254276929
Austria;AUT;2019;92.68795709586949
Austria;AUT;2020;92.37021024042822
Austria;AUT;2021;93.1108363874883
Austria;AUT;2022;93.11564565630492
Austria;AUT;2023;92.7330844641326
Austria;AUT;2024;92.7330844641326
Azerbaijan;AZE;2009;74.10513219173654
Azerbaijan;AZE;2010;74.4694042905952
Azerbaijan;AZE;2011;74.76297494885969
Azerbaijan;AZE;2012;75.181978270618
Azerbaijan;AZE;2013;75.60526707660948
Azerbaijan;AZE;2014;76.06973950103682
Azerbaijan;AZE;2015;76.67839734249455
Azerbaijan;AZE;2016;77.19363899796173
Azerbaijan;AZE;2017;77.71220142980565
Azerbaijan;AZE;2018;79.82536879274427
Azerbaijan;AZE;2019;80.28499295782798
Azerbaijan;AZE;2020;78.04709113333604
Azerbaijan;AZE;2021;78.57902764308756
Azerbaijan;AZE;2022;79.85761950249778
Azerbaijan;AZE;2023;80.23262958284529
Azerbaijan;AZE;2024;80.07262059680781
Bahrain;BHR;2009;84.92589442448339
Bahrain;BHR;2010;85.55958031801657
Bahrain;BHR;2011;86.47702348203664
Bahrain;BHR;2012;87.65020275428036
Bahrain;BHR;2013;88.65827393203662
Bahrain;BHR;2014;88.18272190244234
Bahrain;BHR;2015;87.32279305363578
Bahrain;BHR;2016;87.38949892173571
Bahrain;BHR;2017;87.67942329119269
Bahrain;BHR;2018;87.92561237206188
Bahrain;BHR;2019;88.41977605431785
Bahrain;BHR;2020;87.38438537712287
Bahrain;BHR;2021;86.73074528686756
Bahrain;BHR;2022;88.79373728169803
Bahrain;BHR;2023;89.7642115156581
Bahrain;BHR;2024;89.3348615565158
Bangladesh;BGD;2009;62.62101803605711
Bangladesh;BGD;2010;63.07178353862047
Bangladesh;BGD;2011;64.00734162229973
Bangladesh;BGD;2012;65.15139215807498
Bangladesh;BGD;2013;65.49595998503705
Bangladesh;BGD;2014;66.1410074652934
Bangladesh;BGD;2015;68.01006581516333
Bangladesh;BGD;2016;69.17942325954255
Bangladesh;BGD;2017;70.64986794335721
Bangladesh;BGD;2018;71.25035988275195
Bangladesh;BGD;2019;72.3469694659073
Bangladesh;BGD;2020;72.54815874830399
Bangladesh;BGD;2021;72.94520076335903
Bangladesh;BGD;2022;74.11835783848073
Bangladesh;BGD;2023;74.26660749094121
Bangladesh;BGD;2024;74.09083415226405
Barbados;BRB;2009;84.97271641044416
Barbados;BRB;2010;84.36759881214823
Barbados;BRB;2011;84.16633569282455
Barbados;BRB;2012;84.513717839387
Barbados;BRB;2013;84.84652583051006
Barbados;BRB;2014;84.77116992204247
Barbados;BRB;2015;83.68448267356555
Barbados;BRB;2016;83.32677914246011
Barbados;BRB;2017;83.44123673762975
Barbados;BRB;2018;82.93673465004294
Barbados;BRB;2019;83.05769004246255
Barbados;BRB;2020;83.29814763483442
Barbados;BRB;2021;83.37644708906527
Barbados;BRB;2022;83.1851921280269
Barbados;BRB;2023;83.16000794919489
Barbados;BRB;2024;83.28295657118055
Belarus;BLR;2009;84.16409558776644
Belarus;BLR;2010;84.55656369539682
Belarus;BLR;2011;85.32484340923634
Belarus;BLR;2012;86.39781066933516
Belarus;BLR;2013;86.53194144462746
Belarus;BLR;2014;86.6593764133704
Belarus;BLR;2015;86.55198311075368
Belarus;BLR;2016;86.38143476466107
Belarus;BLR;2017;86.48468408605967
Belarus;BLR;2018;86.25386317139507
Belarus;BLR;2019;86.04178306836832
Belarus;BLR;2020;85.23576809055064
Belarus;BLR;2021;85.17698749650651
Belarus;BLR;2022;85.62553485984847
Belarus;BLR;2023;85.18167898062087
Belarus;BLR;2024;84.81745637811335
Belgium;BEL;2009;95.12889288552454
Belgium;BEL;2010;95.44351568891234
Belgium;BEL;2011;95.43823011212889
Belgium;BEL;2012;95.7047095916215
Belgium;BEL;2013;96.12613753856905
Belgium;BEL;2014;96.66580148923273
Belgium;BEL;2015;96.99030724924984
Belgium;BEL;2016;96.93150571701969
Belgium;BEL;2017;97.09607446042082
Belgium;BEL;2018;96.83447819033056
Belgium;BEL;2019;97.13397543233823
Belgium;BEL;2020;95.9591879601193
Belgium;BEL;2021;96.05168441796384
Belgium;BEL;2022;96.09143284664792
Belgium;BEL;2023;96.29487433155411
Belgium;BEL;2024;96.29487433155411
Belize;BLZ;2009;73.42713569483045
Belize;BLZ;2010;73.82811248861253
Belize;BLZ;2011;74.17583062718009
Belize;BLZ;2012;74.65563821064876
Belize;BLZ;2013;74.99901161144496
Belize;BLZ;2014;75.15522426401886
Belize;BLZ;2015;75.40122490677405
Belize;BLZ;2016;76.3790322545151
Belize;BLZ;2017;76.46701992694625
Belize;BLZ;2018;76.26973431296994
Belize;BLZ;2019;76.66624355858644
Belize;BLZ;2020;76.54669104433677
Belize;BLZ;2021;76.65247225389152
Belize;BLZ;2022;77.15060037854491
Belize;BLZ;2023;77.22476540355412
Belize;BLZ;2024;77.69980897768768
Benin;BEN;2009;51.37315649878009
Benin;BEN;2010;52.28552373578065
Benin;BEN;2011;52.69842119354187
Benin;BEN;2012;53.4660899521353
Benin;BEN;2013;53.86630970240655
Benin;BEN;2014;54.09979674101278
Benin;BEN;2015;53.93309857368066
Benin;BEN;2016;54.8754771682466
Benin;BEN;2017;54.581321380564106
Benin;BEN;2018;55.03012565881217
Benin;BEN;2019;55.041387551270596
Benin;BEN;2020;55.16636607891448
Benin;BEN;2021;55.271555229029545
Benin;BEN;2022;57.2123891664734
Benin;BEN;2023;57.580692636679885
Benin;BEN;2024;57.59787460991254
Bhutan;BTN;2009;66.01931665823751
Bhutan;BTN;2010;67.16656251835934
Bhutan;BTN;2011;68.94638540959464
Bhutan;BTN;2012;70.75864815985769
Bhutan;BTN;2013;71.31278145035773
Bhutan;BTN;2014;72.8305791218218
Bhutan;BTN;2015;73.71331269752083
Bhutan;BTN;2016;74.4991774831924
Bhutan;BTN;2017;74.71057950004874
Bhutan;BTN;2018;75.25184793767981
Bhutan;BTN;2019;75.84995985607227
Bhutan;BTN;2020;75.9281812926576
Bhutan;BTN;2021;76.18808521393733
Bhutan;BTN;2022;76.10252147635333
Bhutan;BTN;2023;76.02636586810993
Bhutan;BTN;2024;75.79616019463786
Bosnia and Herzegovina;BIH;2009;80.29624116862479
Bosnia and Herzegovina;BIH;2010;80.34480420294172
Bosnia and Herzegovina;BIH;2011;80.90876584923049
Bosnia and Herzegovina;BIH;2012;81.48440315122558
Bosnia and Herzegovina;BIH;2013;82.2449796005262
Bosnia and Herzegovina;BIH;2014;82.33104101208578
Bosnia and Herzegovina;BIH;2015;82.05649459688037
Bosnia and Herzegovina;BIH;2016;82.03504515229922
Bosnia and Herzegovina;BIH;2017;82.0139979206339
Bosnia and Herzegovina;BIH;2018;82.08001060315095
Bosnia and Herzegovina;BIH;2019;81.69722373037375
Bosnia and Herzegovina;BIH;2020;80.97402335001676
Bosnia and Herzegovina;BIH;2021;80.7595347396347
Bosnia and Herzegovina;BIH;2022;81.73393801820639
Bosnia and Herzegovina;BIH;2023;82.2751359848638
Bosnia and Herzegovina;BIH;2024;82.33868094416464
Botswana;BWA;2009;61.35344398882474
Botswana;BWA;2010;62.53870072662936
Botswana;BWA;2011;62.77243930016231
Botswana;BWA;2012;63.904788140130954
Botswana;BWA;2013;64.99410810667538
Botswana;BWA;2014;65.53647856430366
Botswana;BWA;2015;66.26975133029795
Botswana;BWA;2016;66.6956355281764
Botswana;BWA;2017;67.42409580000435
Botswana;BWA;2018;67.88593419012919
Botswana;BWA;2019;68.60091337512087
Botswana;BWA;2020;69.03121519123486
Botswana;BWA;2021;67.89680623781646
Botswana;BWA;2022;70.17754831389472
Botswana;BWA;2023;70.38414484598842
Botswana;BWA;2024;70.45386016351503
Brazil;BRA;2009;79.71782697229652
Brazil;BRA;2010;79.97738532210946
Brazil;BRA;2011;80.26892602501997
Brazil;BRA;2012;80.4559706403753
Brazil;BRA;2013;81.66756853195733
Brazil;BRA;2014;81.87185913183322
Brazil;BRA;2015;81.84448751824061
Brazil;BRA;2016;81.85563990801411
Brazil;BRA;2017;82.28800210630949
Brazil;BRA;2018;82.67180267815539
Brazil;BRA;2019;82.7775809881999
Brazil;BRA;2020;82.4600940036803
Brazil;BRA;2021;82.44564098692855
Brazil;BRA;2022;83.40335028187324
Brazil;BRA;2023;83.78809643841305
Brazil;BRA;2024;83.83060969137705
Brunei Darussalam;BRN;2009;85.71991694983471
Brunei Darussalam;BRN;2010;86.00659006749802
Brunei Darussalam;BRN;2011;87.89802437588733
Brunei Darussalam;BRN;2012;88.6642759640733
Brunei Darussalam;BRN;2013;88.05671857648744
Brunei Darussalam;BRN;2014;87.59294102792678
Brunei Darussalam;BRN;2015;85.66876757716902
Brunei Darussalam;BRN;2016;84.8237396055362
Brunei Darussalam;BRN;2017;85.25902194716899
Brunei Darussalam;BRN;2018;84.8713975246071
Brunei Darussalam;BRN;2019;84.78750923170657
Brunei Darussalam;BRN;2020;84.14801478490223
Brunei Darussalam;BRN;2021;85.02841885814566
Brunei Darussalam;BRN;2022;85.63906919503175
Brunei Darussalam;BRN;2023;86.23432398084427
Brunei Darussalam;BRN;2024;86.34000967887017
Bulgaria;BGR;2009;80.84912783742946
Bulgaria;BGR;2010;81.47546770602263
Bulgaria;BGR;2011;82.19126528122285
Bulgaria;BGR;2012;82.45913499499991
Bulgaria;BGR;2013;83.78133042612656
Bulgaria;BGR;2014;84.61993078317226
Bulgaria;BGR;2015;85.18702935233526
Bulgaria;BGR;2016;85.60192882417134
Bulgaria;BGR;2017;85.91610099473425
Bulgaria;BGR;2018;86.33827304189722
Bulgaria;BGR;2019;86.63590895602195
Bulgaria;BGR;2020;86.03700749050442
Bulgaria;BGR;2021;85.23859537897215
Bulgaria;BGR;2022;86.07743250875947
Bulgaria;BGR;2023;86.2312721400475
Bulgaria;BGR;2024;86.30390069053524
Burkina Faso;BFA;2009;44.31528260645252
Burkina Faso;BFA;2010;45.17557792673207
Burkina Faso;BFA;2011;46.20670551131994
Burkina Faso;BFA;2012;46.98404943680016
Burkina Faso;BFA;2013;47.743949423028354
Burkina Faso;BFA;2014;48.8069659236994
Burkina Faso;BFA;2015;49.282127723301386
Burkina Faso;BFA;2016;49.98498303885671
Burkina Faso;BFA;2017;50.70260661751552
Burkina Faso;BFA;2018;51.12119647311174
Burkina Faso;BFA;2019;51.862542165901246
Burkina Faso;BFA;2020;52.271545267783914
Burkina Faso;BFA;2021;52.446970592440124
Burkina Faso;BFA;2022;52.52903652580413
Burkina Faso;BFA;2023;52.866567028302406
Burkina Faso;BFA;2024;52.79756169517125
Burundi;BDI;2009;46.326474632701746
Burundi;BDI;2010;47.333586649365394
Burundi;BDI;2011;48.40800896242542
Burundi;BDI;2012;49.36188734844878
Burundi;BDI;2013;50.53641770430265
Burundi;BDI;2014;51.740792462823634
Burundi;BDI;2015;52.67954171973859
Burundi;BDI;2016;53.468051977492856
Burundi;BDI;2017;54.07743571009473
Burundi;BDI;2018;54.298763529351376
Burundi;BDI;2019;54.23848035100942
Burundi;BDI;2020;54.79752990455711
Burundi;BDI;2021;54.93483436577441
Burundi;BDI;2022;55.387179278009235
Burundi;BDI;2023;55.93797407287033
Burundi;BDI;2024;55.93797407287033
Cabo Verde;CPV;2009;71.8277058186252
Cabo Verde;CPV;2010;72.93147264795215
Cabo Verde;CPV;2011;73.81542400229274
Cabo Verde;CPV;2012;74.48099062674251
Cabo Verde;CPV;2013;75.4491862414307
Cabo Verde;CPV;2014;75.76625701968803
Cabo Verde;CPV;2015;76.37633305034632
Cabo Verde;CPV;2016;76.99538164557383
Cabo Verde;CPV;2017;77.5593219263728
Cabo Verde;CPV;2018;77.44144351702305
Cabo Verde;CPV;2019;77.94917190404398
Cabo Verde;CPV;2020;77.80797660730477
Cabo Verde;CPV;2021;78.1658105600942
Cabo Verde;CPV;2022;78.923780208109
Cabo Verde;CPV;2023;79.221951816912
Cabo Verde;CPV;2024;79.29399365505981
Cambodia;KHM;2009;59.52834613288851
Cambodia;KHM;2010;60.71462395150918
Cambodia;KHM;2011;61.76060668127003
Cambodia;KHM;2012;62.712531750108155
Cambodia;KHM;2013;63.96323682941848
Cambodia;KHM;2014;64.84307868390822
Cambodia;KHM;2015;65.80700045969408
Cambodia;KHM;2016;66.59323734821253
Cambodia;KHM;2017;68.78336267299836
Cambodia;KHM;2018;68.3196397562164
Cambodia;KHM;2019;68.74549492166724
Cambodia;KHM;2020;69.33350370850557
Cambodia;KHM;2021;68.96029050205287
Cambodia;KHM;2022;70.6283099917878
Cambodia;KHM;2023;71.4407580681745
Cambodia;KHM;2024;71.97152885231294
Cameroon;CMR;2009;52.379605974956775
Cameroon;CMR;2010;53.579225657553856
Cameroon;CMR;2011;54.65426048164501
Cameroon;CMR;2012;55.7999831627236
Cameroon;CMR;2013;56.827768167694096
Cameroon;CMR;2014;57.85904698802036
Cameroon;CMR;2015;58.75306389813595
Cameroon;CMR;2016;59.07569899480415
Cameroon;CMR;2017;59.3407812583354
Cameroon;CMR;2018;59.65958320031282
Cameroon;CMR;2019;59.87558424094568
Cameroon;CMR;2020;59.91308732724161
Cameroon;CMR;2021;59.885034204665345
Cameroon;CMR;2022;61.06000339336318
Cameroon;CMR;2023;61.67535002338826
Cameroon;CMR;2024;61.724497689049564
Canada;CAN;2009;89.07491899922721
Canada;CAN;2010;89.1291384067969
Canada;CAN;2011;89.47757410117948
Canada;CAN;2012;90.36803713748
Canada;CAN;2013;90.71531463903561
Canada;CAN;2014;90.94249230287706
Canada;CAN;2015;90.8555677492431
Canada;CAN;2016;91.04601192790662
Canada;CAN;2017;91.27297235180433
Canada;CAN;2018;91.23370845751946
Canada;CAN;2019;91.62439767994628
Canada;CAN;2020;91.12415983960209
Canada;CAN;2021;91.79973694735696
Canada;CAN;2022;91.7212738329486
Canada;CAN;2023;91.13646073113344
Canada;CAN;2024;91.05931972960568
Central African Republic;CAF;2009;0.0
Central African Republic;CAF;2010;38.51657619339176
Central African Republic;CAF;2011;41.87231063059806
Central African Republic;CAF;2012;42.56968708918705
Central African Republic;CAF;2013;40.962363938958646
Central African Republic;CAF;2014;33.758258325280636
Central African Republic;CAF;2015;43.454119514319196
Central African Republic;CAF;2016;42.17607806168082
Central African Republic;CAF;2017;38.27702869587955
Central African Republic;CAF;2018;43.46737175201198
Central African Republic;CAF;2019;26.128749086314958
Central African Republic;CAF;2020;42.7305615042811
Central African Republic;CAF;2021;35.19615993267102
Central African Republic;CAF;2022;9.994861706518845
Central African Republic;CAF;2023;47.80028012937311
Central African Republic;CAF;2024;47.7982526152197
Chad;TCD;2009;39.85944434972499
Chad;TCD;2010;40.298874528176135
Chad;TCD;2011;41.02574365284462
Chad;TCD;2012;41.31055946365388
Chad;TCD;2013;41.982185091393795
Chad;TCD;2014;42.20920437528218
Chad;TCD;2015;42.42184884285829
Chad;TCD;2016;43.008886623297364
Chad;TCD;2017;43.412670827587796
Chad;TCD;2018;43.803737907807864
Chad;TCD;2019;44.15225520857789
Chad;TCD;2020;44.88365163699042
Chad;TCD;2021;45.38432084173362
Chad;TCD;2022;46.245400772704045
Chad;TCD;2023;46.76560225446381
Chad;TCD;2024;46.691537688620805
Chile;CHL;2009;83.81700199412334
Chile;CHL;2010;84.70783663576356
Chile;CHL;2011;85.1909457552972
Chile;CHL;2012;85.58128697750698
Chile;CHL;2013;87.05336295961705
Chile;CHL;2014;87.53935047042671
Chile;CHL;2015;88.009466935937
Chile;CHL;2016;88.4356820436227
Chile;CHL;2017;88.72022346361457
Chile;CHL;2018;88.97479825334705
Chile;CHL;2019;89.07451374695947
Chile;CHL;2020;88.28728724017027
Chile;CHL;2021;89.32507581662425
Chile;CHL;2022;89.60651108277762
Chile;CHL;2023;90.73425976578183
Chile;CHL;2024;90.80943511328755
Colombia;COL;2009;79.6114016796474
Colombia;COL;2010;80.23715572212379
Colombia;COL;2011;80.90171908008234
Colombia;COL;2012;80.97135675995115
Colombia;COL;2013;81.59669910760266
Colombia;COL;2014;81.85421685319919
Colombia;COL;2015;82.14288568364735
Colombia;COL;2016;82.53555657612843
Colombia;COL;2017;82.84397672950561
Colombia;COL;2018;82.97905551769459
Colombia;COL;2019;83.29953348268577
Colombia;COL;2020;82.40739325208158
Colombia;COL;2021;82.27889311640398
Colombia;COL;2022;83.66577361946258
Colombia;COL;2023;83.99430748466264
Colombia;COL;2024;84.01941740724818
Comoros;COM;2009;61.209379068114565
Comoros;COM;2010;62.604342773006096
Comoros;COM;2011;62.96006297131309
Comoros;COM;2012;63.30557709089568
Comoros;COM;2013;63.45292531235634
Comoros;COM;2014;64.17562435252718
Comoros;COM;2015;64.70945175947294
Comoros;COM;2016;65.2486200501432
Comoros;COM;2017;65.79024808149154
Comoros;COM;2018;66.65890604392422
Comoros;COM;2019;67.06872130213014
Comoros;COM;2020;67.41836452607755
Comoros;COM;2021;67.55657723954317
Comoros;COM;2022;68.30079350583867
Comoros;COM;2023;68.50603112853007
Comoros;COM;2024;68.51072714675908
Congo, Dem. Rep.;COD;2009;46.950894144134736
Congo, Dem. Rep.;COD;2010;47.586355539321914
Congo, Dem. Rep.;COD;2011;48.39311497191161
Congo, Dem. Rep.;COD;2012;49.008921295543125
Congo, Dem. Rep.;COD;2013;49.300580169188514
Congo, Dem. Rep.;COD;2014;49.81732496088747
Congo, Dem. Rep.;COD;2015;50.63644635382588
Congo, Dem. Rep.;COD;2016;51.321741298766376
Congo, Dem. Rep.;COD;2017;52.01527697726889
Congo, Dem. Rep.;COD;2018;52.707803516136806
Congo, Dem. Rep.;COD;2019;53.301135719443494
Congo, Dem. Rep.;COD;2020;53.923445933880565
Congo, Dem. Rep.;COD;2021;54.30609713150956
Congo, Dem. Rep.;COD;2022;54.90870964187871
Congo, Dem. Rep.;COD;2023;55.57070124696659
Congo, Dem. Rep.;COD;2024;55.58823507405909
Costa Rica;CRI;2009;82.7013558714684
Costa Rica;CRI;2010;83.05478145890768
Costa Rica;CRI;2011;83.44363743729664
Costa Rica;CRI;2012;84.19178546574423
Costa Rica;CRI;2013;84.90710982713914
Costa Rica;CRI;2014;85.7570302849987
Costa Rica;CRI;2015;86.12503764319707
Costa Rica;CRI;2016;86.34560702993427
Costa Rica;CRI;2017;86.94221464175625
Costa Rica;CRI;2018;87.28232893686865
Costa Rica;CRI;2019;88.22291698066329
Costa Rica;CRI;2020;87.91334511807382
Costa Rica;CRI;2021;88.02790891181927
Costa Rica;CRI;2022;87.77394282794563
Costa Rica;CRI;2023;87.74602165394597
Costa Rica;CRI;2024;87.82833702288012
Cote d'Ivoire;CIV;2009;52.60530359488096
Cote d'Ivoire;CIV;2010;53.168131416654916
Cote d'Ivoire;CIV;2011;53.076940662292735
Cote d'Ivoire;CIV;2012;53.73453015097469
Cote d'Ivoire;CIV;2013;54.95421667752893
Cote d'Ivoire;CIV;2014;55.70456825279155
Cote d'Ivoire;CIV;2015;56.63232318159829
Cote d'Ivoire;CIV;2016;57.46675668098333
Cote d'Ivoire;CIV;2017;58.30552499247155
Cote d'Ivoire;CIV;2018;59.066170733872305
Cote d'Ivoire;CIV;2019;59.90930264259331
Cote d'Ivoire;CIV;2020;60.32799863625215
Cote d'Ivoire;CIV;2021;60.91177602538066
Cote d'Ivoire;CIV;2022;61.36382644134456
Cote d'Ivoire;CIV;2023;62.72582254487471
Cote d'Ivoire;CIV;2024;62.903434614436314
Croatia;HRV;2009;84.1180532241393
Croatia;HRV;2010;84.63850136730558
Croatia;HRV;2011;85.00350036592121
Croatia;HRV;2012;85.31825407402822
Croatia;HRV;2013;86.13300499204132
Croatia;HRV;2014;86.44668896595401
Croatia;HRV;2015;86.45624914026818
Croatia;HRV;2016;86.93966689359179
Croatia;HRV;2017;87.26400172781086
Croatia;HRV;2018;87.63832962758744
Croatia;HRV;2019;88.03186292181991
Croatia;HRV;2020;87.68349643898094
Croatia;HRV;2021;87.91657519560303
Croatia;HRV;2022;88.67078411547148
Croatia;HRV;2023;89.17161803039468
Croatia;HRV;2024;89.37676727934925
Cyprus;CYP;2009;85.99308989449345
Cyprus;CYP;2010;86.03311016761698
Cyprus;CYP;2011;86.15205419700742
Cyprus;CYP;2012;86.14784269916152
Cyprus;CYP;2013;86.39723168434091
Cyprus;CYP;2014;86.91057784568437
Cyprus;CYP;2015;87.8006987110166
Cyprus;CYP;2016;88.4693334496194
Cyprus;CYP;2017;89.50154448088217
Cyprus;CYP;2018;90.09742897235886
Cyprus;CYP;2019;90.80678325322195
Cyprus;CYP;2020;90.8746798974489
Cyprus;CYP;2021;91.34953428630426
Cyprus;CYP;2022;91.85993617211275
Cyprus;CYP;2023;92.14481777131196
Cyprus;CYP;2024;92.16031054935834
Czechia;CZE;2009;85.9856464851573
Czechia;CZE;2010;86.48276945430563
Czechia;CZE;2011;86.88504127616288
Czechia;CZE;2012;87.02691630446554
Czechia;CZE;2013;87.73122821076902
Czechia;CZE;2014;88.06318009125616
Czechia;CZE;2015;87.96968371709983
Czechia;CZE;2016;88.07156463842537
Czechia;CZE;2017;88.17777495698454
Czechia;CZE;2018;88.17272327150636
Czechia;CZE;2019;88.24167814937584
Czechia;CZE;2020;87.70035236436989
Czechia;CZE;2021;88.17392634542762
Czechia;CZE;2022;88.82885172840544
Czechia;CZE;2023;88.41731123282963
Czechia;CZE;2024;88.41731123282963
Denmark;DNK;2009;91.22373248761934
Denmark;DNK;2010;91.70048419755432
Denmark;DNK;2011;92.52988605740076
Denmark;DNK;2012;93.03904710844843
Denmark;DNK;2013;94.1586248763182
Denmark;DNK;2014;94.54853370185184
Denmark;DNK;2015;94.91310768690524
Denmark;DNK;2016;94.73756081904851
Denmark;DNK;2017;94.77275761378549
Denmark;DNK;2018;94.76409743195717
Denmark;DNK;2019;95.02632331289391
Denmark;DNK;2020;95.20250698347743
Denmark;DNK;2021;95.94466638372842
Denmark;DNK;2022;95.93902894885821
Denmark;DNK;2023;95.1776052208031
Denmark;DNK;2024;95.39455532499373
Dominican Republic;DOM;2009;76.56752247739746
Dominican Republic;DOM;2010;76.56459787623285
Dominican Republic;DOM;2011;76.65634009352112
Dominican Republic;DOM;2012;76.85232048234819
Dominican Republic;DOM;2013;77.14864159907457
Dominican Republic;DOM;2014;77.39599938395908
Dominican Republic;DOM;2015;77.66662149295162
Dominican Republic;DOM;2016;78.00985265615465
Dominican Republic;DOM;2017;78.74924775994822
Dominican Republic;DOM;2018;78.8180840142647
Dominican Republic;DOM;2019;78.90557357683636
Dominican Republic;DOM;2020;78.52559724259865
Dominican Republic;DOM;2021;77.64782159480936
Dominican Republic;DOM;2022;78.63108660374657
Dominican Republic;DOM;2023;78.90475825946662
Dominican Republic;DOM;2024;79.00288101204839
Ecuador;ECU;2009;78.31529681448306
Ecuador;ECU;2010;79.16128212750544
Ecuador;ECU;2011;79.66640573369152
Ecuador;ECU;2012;80.19405903913486
Ecuador;ECU;2013;80.77090067486851
Ecuador;ECU;2014;81.45329698574209
Ecuador;ECU;2015;81.46765123612066
Ecuador;ECU;2016;81.2509281194233
Ecuador;ECU;2017;81.33262464696493
Ecuador;ECU;2018;81.61444227059924
Ecuador;ECU;2019;81.5560618518116
Ecuador;ECU;2020;80.39799107844624
Ecuador;ECU;2021;81.08541474911775
Ecuador;ECU;2022;82.55248544465344
Ecuador;ECU;2023;83.25285782312542
Ecuador;ECU;2024;83.25211098482642
Egypt, Arab Rep.;EGY;2009;72.82411230083767
Egypt, Arab Rep.;EGY;2010;73.27029503160867
Egypt, Arab Rep.;EGY;2011;73.82068662672971
Egypt, Arab Rep.;EGY;2012;74.10963326311195
Egypt, Arab Rep.;EGY;2013;74.5370963078354
Egypt, Arab Rep.;EGY;2014;74.72351114555474
Egypt, Arab Rep.;EGY;2015;75.27399080876843
Egypt, Arab Rep.;EGY;2016;75.57785901635896
Egypt, Arab Rep.;EGY;2017;75.91675172252468
Egypt, Arab Rep.;EGY;2018;76.40963043833258
Egypt, Arab Rep.;EGY;2019;76.46143437065996
Egypt, Arab Rep.;EGY;2020;76.65391053043003
Egypt, Arab Rep.;EGY;2021;76.3681633389139
Egypt, Arab Rep.;EGY;2022;77.41848544708904
Egypt, Arab Rep.;EGY;2023;77.93904662434625
Egypt, Arab Rep.;EGY;2024;77.93037293139788
El Salvador;SLV;2009;73.08127088914533
El Salvador;SLV;2010;73.58282282405513
El Salvador;SLV;2011;74.10431479005479
El Salvador;SLV;2012;74.54254260035191
El Salvador;SLV;2013;74.83028553634341
El Salvador;SLV;2014;74.73352159367158
El Salvador;SLV;2015;74.71145205789682
El Salvador;SLV;2016;74.57543399563045
El Salvador;SLV;2017;74.57191801320883
El Salvador;SLV;2018;74.90673513332166
El Salvador;SLV;2019;74.96514796632542
El Salvador;SLV;2020;74.88818255483719
El Salvador;SLV;2021;74.63292716711769
El Salvador;SLV;2022;75.69537270330962
El Salvador;SLV;2023;75.75396514404395
El Salvador;SLV;2024;75.47532543345007
Estonia;EST;2009;85.81474669969462
Estonia;EST;2010;86.45830012476482
Estonia;EST;2011;87.3242702886045
Estonia;EST;2012;87.71167582110277
Estonia;EST;2013;88.17584923761041
Estonia;EST;2014;88.07913660722251
Estonia;EST;2015;88.28484361686878
Estonia;EST;2016;88.64701927407783
Estonia;EST;2017;89.07729834780554
Estonia;EST;2018;89.24410549430365
Estonia;EST;2019;89.55040365472442
Estonia;EST;2020;89.31540915095036
Estonia;EST;2021;89.16294892872257
Estonia;EST;2022;89.24390546399015
Estonia;EST;2023;88.56602418006655
Estonia;EST;2024;88.56602418006655
Ethiopia;ETH;2009;50.970272617242394
Ethiopia;ETH;2010;52.14430985259245
Ethiopia;ETH;2011;52.698367531075704
Ethiopia;ETH;2012;54.11268878677093
Ethiopia;ETH;2013;54.711352128904856
Ethiopia;ETH;2014;54.76528442111851
Ethiopia;ETH;2015;55.38607680203606
Ethiopia;ETH;2016;57.244143427999504
Ethiopia;ETH;2017;57.8344235024269
Ethiopia;ETH;2018;58.26375061482973
Ethiopia;ETH;2019;58.9497036773009
Ethiopia;ETH;2020;59.52278511674554
Ethiopia;ETH;2021;59.78603096960613
Ethiopia;ETH;2022;60.5985328304683
Ethiopia;ETH;2023;60.89510392979711
Ethiopia;ETH;2024;60.91578610606449
Fiji;FJI;2009;75.82246002695334
Fiji;FJI;2010;76.91983994551677
Fiji;FJI;2011;77.23568052843137
Fiji;FJI;2012;76.75576645981312
Fiji;FJI;2013;77.24390782090893
Fiji;FJI;2014;77.67526381589947
Fiji;FJI;2015;77.518141792226
Fiji;FJI;2016;78.4271302296421
Fiji;FJI;2017;79.26976122539332
Fiji;FJI;2018;78.90717446807818
Fiji;FJI;2019;78.73890778313985
Fiji;FJI;2020;79.16668626393665
Fiji;FJI;2021;77.53115795268067
Fiji;FJI;2022;77.71877591047999
Fiji;FJI;2023;78.15394264021349
Fiji;FJI;2024;79.27204011869544
Finland;FIN;2009;91.95927408940463
Finland;FIN;2010;92.32074296267058
Finland;FIN;2011;92.6193122224457
Finland;FIN;2012;92.4898998825108
Finland;FIN;2013;95.99350347281538
Finland;FIN;2014;96.13522989620265
Finland;FIN;2015;96.59938333929901
Finland;FIN;2016;96.80652514956546
Finland;FIN;2017;97.21778648422824
Finland;FIN;2018;97.48461968304865
Finland;FIN;2019;96.93750983353495
Finland;FIN;2020;96.8819372349957
Finland;FIN;2021;97.39123989917728
Finland;FIN;2022;97.61287658461609
Finland;FIN;2023;97.69537588731293
Finland;FIN;2024;97.69537588731293
France;FRA;2009;88.74892137087669
France;FRA;2010;89.08372890439742
France;FRA;2011;89.38808843468334
France;FRA;2012;89.41930216982715
France;FRA;2013;89.55931544656433
France;FRA;2014;89.81353502755223
France;FRA;2015;89.84081532461195
France;FRA;2016;90.12137091798148
France;FRA;2017;90.32013638742676
France;FRA;2018;90.55474534998979
France;FRA;2019;90.78218223900822
France;FRA;2020;90.28909435898683
France;FRA;2021;90.75339436566962
France;FRA;2022;90.8254316795583
France;FRA;2023;90.9710581775231
France;FRA;2024;90.9710581775231
Gambia, The;GMB;2009;55.78175103419635
Gambia, The;GMB;2010;56.50319221078504
Gambia, The;GMB;2011;57.64013337886071
Gambia, The;GMB;2012;58.55533894367389
Gambia, The;GMB;2013;59.686504525968274
Gambia, The;GMB;2014;60.778311326693434
Gambia, The;GMB;2015;61.9219925686231
Gambia, The;GMB;2016;63.05122478049625
Gambia, The;GMB;2017;63.95687779855472
Gambia, The;GMB;2018;65.27178042286602
Gambia, The;GMB;2019;66.39615790216699
Gambia, The;GMB;2020;67.1757638733631
Gambia, The;GMB;2021;67.88550925889372
Gambia, The;GMB;2022;68.62722395308168
Gambia, The;GMB;2023;69.34356924072715
Gambia, The;GMB;2024;69.42123112369583
Georgia;GEO;2009;78.83319371606
Georgia;GEO;2010;79.52633640172894
Georgia;GEO;2011;80.21357646816976
Georgia;GEO;2012;80.26626810624424
Georgia;GEO;2013;81.06776421934343
Georgia;GEO;2014;81.57403131666506
Georgia;GEO;2015;82.25231580167997
Georgia;GEO;2016;82.87317426335635
Georgia;GEO;2017;83.68948736328649
Georgia;GEO;2018;84.45260617983702
Georgia;GEO;2019;84.86336312672465
Georgia;GEO;2020;84.36565361254614
Georgia;GEO;2021;84.10573221688493
Georgia;GEO;2022;85.07797897282093
Georgia;GEO;2023;85.21709238681412
Georgia;GEO;2024;85.27866773164187
Germany;DEU;2009;89.01629558667462
Germany;DEU;2010;89.39532189524671
Germany;DEU;2011;89.87174332049231
Germany;DEU;2012;89.83410602929834
Germany;DEU;2013;89.78258860095669
Germany;DEU;2014;90.3824124766496
Germany;DEU;2015;90.46618567790284
Germany;DEU;2016;90.59290200273439
Germany;DEU;2017;90.764533704907
Germany;DEU;2018;90.86894985116245
Germany;DEU;2019;91.38141621844458
Germany;DEU;2020;91.00402436227697
Germany;DEU;2021;91.3802949217225
Germany;DEU;2022;91.39407409875292
Germany;DEU;2023;91.50558696275192
Germany;DEU;2024;91.54838319554473
Ghana;GHA;2009;59.00424374356882
Ghana;GHA;2010;60.22386216667692
Ghana;GHA;2011;61.13297651447683
Ghana;GHA;2012;60.90152679400459
Ghana;GHA;2013;64.00510944219239
Ghana;GHA;2014;64.83565919091004
Ghana;GHA;2015;65.04458071213311
Ghana;GHA;2016;65.916549796759
Ghana;GHA;2017;66.16888900552264
Ghana;GHA;2018;66.74464021697058
Ghana;GHA;2019;67.76682584460303
Ghana;GHA;2020;68.45988083504196
Ghana;GHA;2021;68.96037094634117
Ghana;GHA;2022;69.60055676262638
Ghana;GHA;2023;70.34568479895121
Ghana;GHA;2024;70.39758715641578
Greece;GRC;2009;91.64471762132827
Greece;GRC;2010;91.51481431715132
Greece;GRC;2011;91.41741483776312
Greece;GRC;2012;91.60465073066159
Greece;GRC;2013;92.08408753328078
Greece;GRC;2014;92.33223562808905
Greece;GRC;2015;92.74414903456034
Greece;GRC;2016;93.4422610265388
Greece;GRC;2017;93.7964640758953
Greece;GRC;2018;94.42920229414692
Greece;GRC;2019;94.96406477033379
Greece;GRC;2020;94.29651503605884
Greece;GRC;2021;94.8168634207726
Greece;GRC;2022;96.72301411851574
Greece;GRC;2023;96.91897469701615
Greece;GRC;2024;96.91897469701615
Guatemala;GTM;2009;68.06689994742767
Guatemala;GTM;2010;68.8097109490662
Guatemala;GTM;2011;69.188836713164
Guatemala;GTM;2012;69.79552627116435
Guatemala;GTM;2013;70.32658863390647
Guatemala;GTM;2014;70.0742217791756
Guatemala;GTM;2015;71.18055399430753
Guatemala;GTM;2016;71.48956391953175
Guatemala;GTM;2017;71.82857659378786
Guatemala;GTM;2018;71.98986637467854
Guatemala;GTM;2019;72.13821204667008
Guatemala;GTM;2020;71.75662123107674
Guatemala;GTM;2021;71.01601974640266
Guatemala;GTM;2022;72.22998432817074
Guatemala;GTM;2023;73.15347085347886
Guatemala;GTM;2024;73.41003375159517
Guinea;GIN;2009;48.2718013183029
Guinea;GIN;2010;48.84239570785
Guinea;GIN;2011;49.257372426418506
Guinea;GIN;2012;49.16327616551271
Guinea;GIN;2013;50.12832143260448
Guinea;GIN;2014;50.51477507304457
Guinea;GIN;2015;50.890090603452144
Guinea;GIN;2016;51.162940273468585
Guinea;GIN;2017;51.62280354784327
Guinea;GIN;2018;52.85707310610138
Guinea;GIN;2019;52.89385643231951
Guinea;GIN;2020;53.344168357234366
Guinea;GIN;2021;53.78239559397463
Guinea;GIN;2022;54.452182929321935
Guinea;GIN;2023;55.12656791247562
Guinea;GIN;2024;55.15419395558736
Honduras;HND;2009;70.19586176939738
Honduras;HND;2010;70.51834068876094
Honduras;HND;2011;70.80197520101777
Honduras;HND;2012;70.98407989939884
Honduras;HND;2013;71.29309554262588
Honduras;HND;2014;70.4338167513981
Honduras;HND;2015;70.88853721257011
Honduras;HND;2016;71.34113975438486
Honduras;HND;2017;71.26706759392214
Honduras;HND;2018;72.68130086517687
Honduras;HND;2019;73.28129321026192
Honduras;HND;2020;72.48982697885955
Honduras;HND;2021;71.82366512521179
Honduras;HND;2022;72.95906863659737
Honduras;HND;2023;73.25361490782514
Honduras;HND;2024;73.01249089559005
Hungary;HUN;2009;84.11368070443578
Hungary;HUN;2010;84.37347863622503
Hungary;HUN;2011;84.67442460878674
Hungary;HUN;2012;84.61517006100668
Hungary;HUN;2013;85.17469694349414
Hungary;HUN;2014;84.87446271060097
Hungary;HUN;2015;84.57972174340199
Hungary;HUN;2016;84.83815113733502
Hungary;HUN;2017;84.90082901640729
Hungary;HUN;2018;85.18534387223659
Hungary;HUN;2019;85.51115211924703
Hungary;HUN;2020;85.26151995688245
Hungary;HUN;2021;84.870389189411
Hungary;HUN;2022;85.93505692432683
Hungary;HUN;2023;86.50026399747733
Hungary;HUN;2024;86.50026399747733
Iceland;ISL;2009;91.77056169939583
Iceland;ISL;2010;92.54571351165394
Iceland;ISL;2011;92.90703104801659
Iceland;ISL;2012;93.44693374803559
Iceland;ISL;2013;93.87324416357707
Iceland;ISL;2014;94.1807094681526
Iceland;ISL;2015;93.5729662773043
Iceland;ISL;2016;93.14569314611379
Iceland;ISL;2017;92.89126573138665
Iceland;ISL;2018;92.68143023681155
Iceland;ISL;2019;92.63835240320543
Iceland;ISL;2020;92.78407448396538
Iceland;ISL;2021;94.25625853979521
Iceland;ISL;2022;93.52986847355068
Iceland;ISL;2023;92.64304927569945
Iceland;ISL;2024;92.64304927569945
India;IND;2009;65.12766265000313
India;IND;2010;66.210501546852
India;IND;2011;67.5694626785957
India;IND;2012;68.40841524391813
India;IND;2013;69.05329602236648
India;IND;2014;70.31590906201023
India;IND;2015;71.08453713534539
India;IND;2016;71.755030703225
India;IND;2017;72.27042330306173
India;IND;2018;73.17592352075997
India;IND;2019;73.53911633789278
India;IND;2020;73.77197838644595
India;IND;2021;73.69819450557083
India;IND;2022;75.51262753688586
India;IND;2023;75.76334390008967
India;IND;2024;75.70728940018434
Indonesia;IDN;2009;71.81630938489795
Indonesia;IDN;2010;72.19541829390539
Indonesia;IDN;2011;72.87538847081777
Indonesia;IDN;2012;73.72209395368449
Indonesia;IDN;2013;74.2187619714703
Indonesia;IDN;2014;74.6395910261544
Indonesia;IDN;2015;75.52093366386009
Indonesia;IDN;2016;75.92222807825277
Indonesia;IDN;2017;76.56564335096395
Indonesia;IDN;2018;76.95230886095385
Indonesia;IDN;2019;77.49656569821602
Indonesia;IDN;2020;77.08386294205542
Indonesia;IDN;2021;77.24001997825461
Indonesia;IDN;2022;78.76596031645003
Indonesia;IDN;2023;78.90258388208254
Indonesia;IDN;2024;79.22439725858608
Iran, Islamic Rep.;IRN;2009;78.24436910650628
Iran, Islamic Rep.;IRN;2010;78.91776972416028
Iran, Islamic Rep.;IRN;2011;79.83928559864347
Iran, Islamic Rep.;IRN;2012;80.36078070982104
Iran, Islamic Rep.;IRN;2013;80.5726043109776
Iran, Islamic Rep.;IRN;2014;81.50198203555242
Iran, Islamic Rep.;IRN;2015;82.00005651025683
Iran, Islamic Rep.;IRN;2016;82.05508173843373
Iran, Islamic Rep.;IRN;2017;82.00314590859655
Iran, Islamic Rep.;IRN;2018;81.66568130123281
Iran, Islamic Rep.;IRN;2019;81.50628155872297
Iran, Islamic Rep.;IRN;2020;80.50306511718611
Iran, Islamic Rep.;IRN;2021;80.4020668002227
Iran, Islamic Rep.;IRN;2022;81.87583652988869
Iran, Islamic Rep.;IRN;2023;82.18393571126695
Iran, Islamic Rep.;IRN;2024;82.18393571126695
Ireland;IRL;2009;89.23998754187672
Ireland;IRL;2010;90.38683699183997
Ireland;IRL;2011;90.5391037886659
Ireland;IRL;2012;90.77556798549898
Ireland;IRL;2013;91.32350062728804
Ireland;IRL;2014;91.94653901939748
Ireland;IRL;2015;93.35460606272498
Ireland;IRL;2016;93.6926869853367
Ireland;IRL;2017;94.95596777984801
Ireland;IRL;2018;97.88658033114514
Ireland;IRL;2019;96.48035519247846
Ireland;IRL;2020;96.18479907201531
Ireland;IRL;2021;97.14795928292807
Ireland;IRL;2022;96.98262638466146
Ireland;IRL;2023;97.17334357474108
Ireland;IRL;2024;97.17334357474108
Israel;ISR;2009;86.91790293265844
Israel;ISR;2010;87.39483452909144
Israel;ISR;2011;87.51268182982945
Israel;ISR;2012;87.68283110948684
Israel;ISR;2013;87.81159265274877
Israel;ISR;2014;87.95214730211009
Israel;ISR;2015;87.8917119889421
Israel;ISR;2016;88.14891066539397
Israel;ISR;2017;88.13947429227025
Israel;ISR;2018;88.1845725439475
Israel;ISR;2019;88.1309492722959
Israel;ISR;2020;87.96100697572146
Israel;ISR;2021;88.48337224944063
Israel;ISR;2022;88.61848981670961
Israel;ISR;2023;88.50871093660618
Israel;ISR;2024;88.53117686115255
Italy;ITA;2009;89.40009049612742
Italy;ITA;2010;89.52778121011742
Italy;ITA;2011;89.49575616221163
Italy;ITA;2012;89.09279882796555
Italy;ITA;2013;89.11618460037019
Italy;ITA;2014;89.3118601305197
Italy;ITA;2015;89.18668309868892
Italy;ITA;2016;89.55771189417618
Italy;ITA;2017;89.66926673880832
Italy;ITA;2018;90.0550700872118
Italy;ITA;2019;90.28303219801404
Italy;ITA;2020;89.77557507068487
Italy;ITA;2021;90.48757851734247
Italy;ITA;2022;90.75921540956625
Italy;ITA;2023;91.29646529538849
Italy;ITA;2024;91.35137545202167
Japan;JPN;2009;88.99507506286369
Japan;JPN;2010;89.10053324300986
Japan;JPN;2011;88.98550280513149
Japan;JPN;2012;89.22145944470914
Japan;JPN;2013;89.4040755237574
Japan;JPN;2014;89.5147421989161
Japan;JPN;2015;89.74707824091969
Japan;JPN;2016;89.83175366866125
Japan;JPN;2017;89.94598055303041
Japan;JPN;2018;90.02932492867879
Japan;JPN;2019;90.094059488568
Japan;JPN;2020;90.05281679784014
Japan;JPN;2021;90.15397465969671
Japan;JPN;2022;90.14152902767559
Japan;JPN;2023;90.30521755178874
Japan;JPN;2024;90.30521755178874
Jordan;JOR;2009;78.43750227740968
Jordan;JOR;2010;78.21351946093829
Jordan;JOR;2011;78.26270990939399
Jordan;JOR;2012;78.85060180987392
Jordan;JOR;2013;78.77656565312253
Jordan;JOR;2014;78.88944085785576
Jordan;JOR;2015;78.88786801457528
Jordan;JOR;2016;78.89551913838156
Jordan;JOR;2017;78.65800851145231
Jordan;JOR;2018;79.15667014769177
Jordan;JOR;2019;79.17155542297544
Jordan;JOR;2020;78.84451478139968
Jordan;JOR;2021;78.40347878631687
Jordan;JOR;2022;79.69851933443583
Jordan;JOR;2023;80.1206470674221
Jordan;JOR;2024;80.33631787798846
Kazakhstan;KAZ;2009;78.50629173723522
Kazakhstan;KAZ;2010;79.16226676299178
Kazakhstan;KAZ;2011;80.21650717886834
Kazakhstan;KAZ;2012;80.93641998747871
Kazakhstan;KAZ;2013;80.85096800516047
Kazakhstan;KAZ;2014;81.85751989314822
Kazakhstan;KAZ;2015;81.74762640288064
Kazakhstan;KAZ;2016;81.58554710812473
Kazakhstan;KAZ;2017;82.15803024595235
Kazakhstan;KAZ;2018;82.5442895010354
Kazakhstan;KAZ;2019;83.19924120844155
Kazakhstan;KAZ;2020;82.23170695248928
Kazakhstan;KAZ;2021;81.93838207988857
Kazakhstan;KAZ;2022;83.23120801779793
Kazakhstan;KAZ;2023;83.4447604787264
Kazakhstan;KAZ;2024;83.53442174456058
Kenya;KEN;2009;56.773785100651665
Kenya;KEN;2010;57.02229841486477
Kenya;KEN;2011;59.26677399494977
Kenya;KEN;2012;59.9484162983319
Kenya;KEN;2013;60.6263111669882
Kenya;KEN;2014;60.73020711855763
Kenya;KEN;2015;61.83522795084737
Kenya;KEN;2016;63.60736348262835
Kenya;KEN;2017;64.13621610944362
Kenya;KEN;2018;64.86877280741975
Kenya;KEN;2019;65.9146756243914
Kenya;KEN;2020;65.74664074475784
Kenya;KEN;2021;66.29279362147844
Kenya;KEN;2022;67.40788049769725
Kenya;KEN;2023;67.58926636523341
Kenya;KEN;2024;67.74752708877362
Korea, Rep.;KOR;2009;90.1954171590981
Korea, Rep.;KOR;2010;90.43444491642101
Korea, Rep.;KOR;2011;90.57910428390707
Korea, Rep.;KOR;2012;90.53908040729368
Korea, Rep.;KOR;2013;90.70467423919467
Korea, Rep.;KOR;2014;90.88747696729693
Korea, Rep.;KOR;2015;91.17737849935601
Korea, Rep.;KOR;2016;91.41695371359091
Korea, Rep.;KOR;2017;91.7125508908006
Korea, Rep.;KOR;2018;91.75707045965561
Korea, Rep.;KOR;2019;91.93695792730657
Korea, Rep.;KOR;2020;92.12393168339457
Korea, Rep.;KOR;2021;92.70463580923519
Korea, Rep.;KOR;2022;92.57802731383623
Korea, Rep.;KOR;2023;93.08875287210407
Korea, Rep.;KOR;2024;93.08875287210407
Kuwait;KWT;2009;88.8863504731339
Kuwait;KWT;2010;89.00766013443379
Kuwait;KWT;2011;90.07979593226936
Kuwait;KWT;2012;90.74890569748003
Kuwait;KWT;2013;90.03380246846659
Kuwait;KWT;2014;89.0976682143888
Kuwait;KWT;2015;87.60903653511164
Kuwait;KWT;2016;87.27189355041324
Kuwait;KWT;2017;87.36501918290466
Kuwait;KWT;2018;87.52948892019668
Kuwait;KWT;2019;88.00347822700768
Kuwait;KWT;2020;86.09854127569182
Kuwait;KWT;2021;87.19710931815912
Kuwait;KWT;2022;88.68575241577115
Kuwait;KWT;2023;89.58028001575592
Kuwait;KWT;2024;89.58028001575592
Kyrgyz Republic;KGZ;2009;75.43532215083096
Kyrgyz Republic;KGZ;2010;75.61914696735491
Kyrgyz Republic;KGZ;2011;75.81355943319993
Kyrgyz Republic;KGZ;2012;76.46460795128105
Kyrgyz Republic;KGZ;2013;76.87634913786411
Kyrgyz Republic;KGZ;2014;77.13520664822765
Kyrgyz Republic;KGZ;2015;77.19884508395556
Kyrgyz Republic;KGZ;2016;77.5002704482644
Kyrgyz Republic;KGZ;2017;77.4265868761459
Kyrgyz Republic;KGZ;2018;77.54014279250478
Kyrgyz Republic;KGZ;2019;77.81592850090254
Kyrgyz Republic;KGZ;2020;78.34231958350314
Kyrgyz Republic;KGZ;2021;78.94510408399526
Kyrgyz Republic;KGZ;2022;79.26153744387358
Kyrgyz Republic;KGZ;2023;79.33826914377322
Kyrgyz Republic;KGZ;2024;79.31117115507718
Lao PDR;LAO;2009;60.98959350134795
Lao PDR;LAO;2010;61.97668995494563
Lao PDR;LAO;2011;62.47616782902657
Lao PDR;LAO;2012;63.84181485335895
Lao PDR;LAO;2013;65.05821600100509
Lao PDR;LAO;2014;66.30431372444563
Lao PDR;LAO;2015;67.73706246596345
Lao PDR;LAO;2016;68.11832577228452
Lao PDR;LAO;2017;68.84874612728159
Lao PDR;LAO;2018;68.96464421414747
Lao PDR;LAO;2019;69.58749675747453
Lao PDR;LAO;2020;69.62265427130434
Lao PDR;LAO;2021;69.37273430553826
Lao PDR;LAO;2022;69.62442765173476
Lao PDR;LAO;2023;69.34044605647875
Lao PDR;LAO;2024;69.09166816037096
Latvia;LVA;2009;84.3601054659456
Latvia;LVA;2010;84.34899793932307
Latvia;LVA;2011;84.7185533321355
Latvia;LVA;2012;84.9557534165662
Latvia;LVA;2013;86.18633622264525
Latvia;LVA;2014;86.39471604042294
Latvia;LVA;2015;86.81114214100099
Latvia;LVA;2016;87.45200964605903
Latvia;LVA;2017;88.17004071330828
Latvia;LVA;2018;88.64883842172759
Latvia;LVA;2019;88.98484496943331
Latvia;LVA;2020;88.74476271953841
Latvia;LVA;2021;88.04806953092682
Latvia;LVA;2022;88.23417894623748
Latvia;LVA;2023;88.16144525533373
Latvia;LVA;2024;88.16144525533373
Lebanon;LBN;2009;79.35518114728633
Lebanon;LBN;2010;79.52317900081736
Lebanon;LBN;2011;80.14960373066047
Lebanon;LBN;2012;80.04187835990162
Lebanon;LBN;2013;80.19375317475266
Lebanon;LBN;2014;78.53608888699249
Lebanon;LBN;2015;78.23540716265364
Lebanon;LBN;2016;78.72971956352939
Lebanon;LBN;2017;79.23400810853603
Lebanon;LBN;2018;79.55284545767915
Lebanon;LBN;2019;79.79638004789409
Lebanon;LBN;2020;78.8688141035655
Lebanon;LBN;2021;78.1814574160368
Lebanon;LBN;2022;79.34772401264854
Lebanon;LBN;2023;78.76529336447392
Lebanon;LBN;2024;78.8582589648729
Lesotho;LSO;2009;47.17488258886726
Lesotho;LSO;2010;48.532916700108714
Lesotho;LSO;2011;49.99546281424106
Lesotho;LSO;2012;50.72940792527403
Lesotho;LSO;2013;51.85133047669404
Lesotho;LSO;2014;52.58548385733568
Lesotho;LSO;2015;53.668610533924564
Lesotho;LSO;2016;54.41804938003596
Lesotho;LSO;2017;54.90453733192419
Lesotho;LSO;2018;56.65373906709289
Lesotho;LSO;2019;56.65626059866173
Lesotho;LSO;2020;57.0459888597272
Lesotho;LSO;2021;57.21471572342538
Lesotho;LSO;2022;58.31579830781194
Lesotho;LSO;2023;59.45263866391418
Lesotho;LSO;2024;59.45263866391418
Lithuania;LTU;2009;86.44922556398863
Lithuania;LTU;2010;86.4536503824948
Lithuania;LTU;2011;86.60651288406235
Lithuania;LTU;2012;86.55106837189724
Lithuania;LTU;2013;86.50077058386184
Lithuania;LTU;2014;85.87596109873317
Lithuania;LTU;2015;85.79193213277175
Lithuania;LTU;2016;86.05056164940316
Lithuania;LTU;2017;86.69556652232694
Lithuania;LTU;2018;87.1134651178894
Lithuania;LTU;2019;87.67289606952284
Lithuania;LTU;2020;87.42308660797868
Lithuania;LTU;2021;87.51176832248856
Lithuania;LTU;2022;88.21176139659606
Lithuania;LTU;2023;88.70627608586071
Lithuania;LTU;2024;88.70627608586071
Luxembourg;LUX;2009;87.43706619653423
Luxembourg;LUX;2010;88.23978947183103
Luxembourg;LUX;2011;88.55896849224611
Luxembourg;LUX;2012;89.59018734911264
Luxembourg;LUX;2013;89.61367084499673
Luxembourg;LUX;2014;90.15506935902287
Luxembourg;LUX;2015;89.2650389505808
Luxembourg;LUX;2016;89.82410388835034
Luxembourg;LUX;2017;90.18345080840929
Luxembourg;LUX;2018;90.24659310197312
Luxembourg;LUX;2019;89.97725989153945
Luxembourg;LUX;2020;89.9296239592262
Luxembourg;LUX;2021;90.61643260736936
Luxembourg;LUX;2022;90.2179466716896
Luxembourg;LUX;2023;90.72158935166227
Luxembourg;LUX;2024;90.72158935166227
Madagascar;MDG;2009;52.37958940646236
Madagascar;MDG;2010;52.426415976574226
Madagascar;MDG;2011;53.156802585987606
Madagascar;MDG;2012;53.88096509656588
Madagascar;MDG;2013;53.452765875837294
Madagascar;MDG;2014;54.612864568970096
Madagascar;MDG;2015;54.79169230200366
Madagascar;MDG;2016;54.736353541410544
Madagascar;MDG;2017;54.76165751876204
Madagascar;MDG;2018;56.00459325247148
Madagascar;MDG;2019;55.272076928661185
Madagascar;MDG;2020;55.12852003516762
Madagascar;MDG;2021;55.45494455669399
Madagascar;MDG;2022;55.83396641425553
Madagascar;MDG;2023;56.45392779399299
Madagascar;MDG;2024;56.45444306562402
Malawi;MWI;2009;48.57744860816059
Malawi;MWI;2010;49.43693156250725
Malawi;MWI;2011;50.34304641654052
Malawi;MWI;2012;51.18894284043538
Malawi;MWI;2013;52.443497261578564
Malawi;MWI;2014;53.49643144833471
Malawi;MWI;2015;53.92322212632534
Malawi;MWI;2016;54.37113260028587
Malawi;MWI;2017;55.20053034510101
Malawi;MWI;2018;56.12294423018477
Malawi;MWI;2019;55.502288559697874
Malawi;MWI;2020;56.40755395740493
Malawi;MWI;2021;56.12239859195529
Malawi;MWI;2022;56.655156857035436
Malawi;MWI;2023;57.50892040020017
Malawi;MWI;2024;57.50892040020017
Malaysia;MYS;2009;79.72893442653985
Malaysia;MYS;2010;80.1387814581624
Malaysia;MYS;2011;80.1219000283784
Malaysia;MYS;2012;80.63758307345445
Malaysia;MYS;2013;80.65323321689978
Malaysia;MYS;2014;80.87496404677536
Malaysia;MYS;2015;81.19225699917286
Malaysia;MYS;2016;81.21459169233778
Malaysia;MYS;2017;81.034856459871
Malaysia;MYS;2018;80.8236878814131
Malaysia;MYS;2019;80.84422388800616
Malaysia;MYS;2020;80.44629651035248
Malaysia;MYS;2021;79.78936108811048
Malaysia;MYS;2022;80.77358267960989
Malaysia;MYS;2023;81.3501276143286
Malaysia;MYS;2024;81.63209380452686
Maldives;MDV;2009;77.23299802988349
Maldives;MDV;2010;77.36637275132004
Maldives;MDV;2011;77.85260905545171
Maldives;MDV;2012;77.97256039757995
Maldives;MDV;2013;77.82777491078211
Maldives;MDV;2014;78.5066560423135
Maldives;MDV;2015;79.10328140306198
Maldives;MDV;2016;79.38679103383085
Maldives;MDV;2017;80.06718793058253
Maldives;MDV;2018;80.57084148349928
Maldives;MDV;2019;79.99957108053555
Maldives;MDV;2020;78.82561984008665
Maldives;MDV;2021;78.76808245145051
Maldives;MDV;2022;82.1724364110151
Maldives;MDV;2023;82.80487282597527
Maldives;MDV;2024;82.80487282597527
Mali;MLI;2009;46.082415254763426
Mali;MLI;2010;47.16182267132143
Mali;MLI;2011;47.95753491951149
Mali;MLI;2012;48.20243130331611
Mali;MLI;2013;49.27964945001592
Mali;MLI;2014;50.05438268943744
Mali;MLI;2015;50.5509799661224
Mali;MLI;2016;51.20674511638252
Mali;MLI;2017;51.012572194726616
Mali;MLI;2018;52.93991874586208
Mali;MLI;2019;53.02947135550872
Mali;MLI;2020;53.453358432205576
Mali;MLI;2021;54.09476400191912
Mali;MLI;2022;54.632096083446726
Mali;MLI;2023;55.16540041061396
Mali;MLI;2024;55.17261120651391
Malta;MLT;2009;84.93783834912496
Malta;MLT;2010;85.60874549547671
Malta;MLT;2011;84.59728669583212
Malta;MLT;2012;85.05551943408786
Malta;MLT;2013;85.71147540429443
Malta;MLT;2014;86.08511431409137
Malta;MLT;2015;86.48157787088473
Malta;MLT;2016;86.69679146795805
Malta;MLT;2017;88.43237410405953
Malta;MLT;2018;88.95574150343913
Malta;MLT;2019;89.2412321134389
Malta;MLT;2020;88.94430085299477
Malta;MLT;2021;90.31391870144046
Malta;MLT;2022;90.83328659038072
Malta;MLT;2023;91.51951400282908
Malta;MLT;2024;91.58264187943311
Marshall Islands;MHL;2009;70.0230004963099
Marshall Islands;MHL;2010;70.8452631820914
Marshall Islands;MHL;2011;70.97320084836397
Marshall Islands;MHL;2012;71.10287799131245
Marshall Islands;MHL;2013;71.43008022349878
Marshall Islands;MHL;2014;71.75893825454087
Marshall Islands;MHL;2015;72.13687470355879
Marshall Islands;MHL;2016;72.7192791835884
Marshall Islands;MHL;2017;73.26027213456918
Marshall Islands;MHL;2018;73.85632113970958
Marshall Islands;MHL;2019;74.49430652234494
Marshall Islands;MHL;2020;74.63314756418413
Marshall Islands;MHL;2021;75.13063578636758
Marshall Islands;MHL;2022;74.68185203442671
Marshall Islands;MHL;2023;75.33872955716787
Marshall Islands;MHL;2024;74.82186470982386
Mauritania;MRT;2009;55.56330335690999
Mauritania;MRT;2010;56.20349318677885
Mauritania;MRT;2011;56.77987203903214
Mauritania;MRT;2012;57.45716594617419
Mauritania;MRT;2013;58.054301603549774
Mauritania;MRT;2014;58.37400431114388
Mauritania;MRT;2015;58.713648613535696
Mauritania;MRT;2016;59.22461287586568
Mauritania;MRT;2017;59.543799701313425
Mauritania;MRT;2018;60.255735176626565
Mauritania;MRT;2019;60.864119446793275
Mauritania;MRT;2020;60.61395826080269
Mauritania;MRT;2021;60.926079116572836
Mauritania;MRT;2022;61.64463070460601
Mauritania;MRT;2023;61.989514690160696
Mauritania;MRT;2024;61.989514690160696
Mauritius;MUS;2009;79.00793244591576
Mauritius;MUS;2010;79.24018498467082
Mauritius;MUS;2011;79.62471982983298
Mauritius;MUS;2012;80.63678806243982
Mauritius;MUS;2013;80.94567489739212
Mauritius;MUS;2014;81.23623091613895
Mauritius;MUS;2015;80.81295560614763
Mauritius;MUS;2016;80.93615959904893
Mauritius;MUS;2017;80.86335566401553
Mauritius;MUS;2018;80.77816870988723
Mauritius;MUS;2019;81.08206890096757
Mauritius;MUS;2020;80.6162387931326
Mauritius;MUS;2021;80.61041857819885
Mauritius;MUS;2022;80.65955634187304
Mauritius;MUS;2023;80.60705869042137
Mauritius;MUS;2024;80.83818795618065
Mexico;MEX;2009;77.77174021508158
Mexico;MEX;2010;78.21710482932676
Mexico;MEX;2011;78.50864581066914
Mexico;MEX;2012;78.9899863407838
Mexico;MEX;2013;79.40728494999583
Mexico;MEX;2014;79.98700266238366
Mexico;MEX;2015;80.43976788835887
Mexico;MEX;2016;81.25120129427285
Mexico;MEX;2017;81.70282198062195
Mexico;MEX;2018;81.90682966848966
Mexico;MEX;2019;82.09471771929712
Mexico;MEX;2020;80.41146675636223
Mexico;MEX;2021;80.000080782507
Mexico;MEX;2022;81.5888847047057
Mexico;MEX;2023;82.57228817548999
Mexico;MEX;2024;82.57646185483716
Moldova;MDA;2009;76.78939703396296
Moldova;MDA;2010;77.10160531495991
Moldova;MDA;2011;77.37850870085498
Moldova;MDA;2012;77.59856785199527
Moldova;MDA;2013;77.80983965743408
Moldova;MDA;2014;80.32537297554116
Moldova;MDA;2015;80.36839431981771
Moldova;MDA;2016;80.619262354885
Moldova;MDA;2017;79.58480084880415
Moldova;MDA;2018;79.82779829269882
Moldova;MDA;2019;80.0336406700468
Moldova;MDA;2020;80.03751212681955
Moldova;MDA;2021;80.35586972088582
Moldova;MDA;2022;81.84931310815935
Moldova;MDA;2023;82.08599829645068
Moldova;MDA;2024;82.6201828367108
Mongolia;MNG;2009;75.60295081682027
Mongolia;MNG;2010;75.32239118335046
Mongolia;MNG;2011;75.18893338947254
Mongolia;MNG;2012;77.07991690828679
Mongolia;MNG;2013;77.5145794861393
Mongolia;MNG;2014;78.47567471503234
Mongolia;MNG;2015;79.12034189692326
Mongolia;MNG;2016;78.88343088809995
Mongolia;MNG;2017;79.31111401863996
Mongolia;MNG;2018;80.11290399117553
Mongolia;MNG;2019;80.3804958589177
Mongolia;MNG;2020;81.07185538132678
Mongolia;MNG;2021;81.68022259411283
Mongolia;MNG;2022;81.46717022352009
Mongolia;MNG;2023;82.13668581053977
Mongolia;MNG;2024;82.27145376826138
Montenegro;MNE;2009;82.30201561695705
Montenegro;MNE;2010;83.31015135159828
Montenegro;MNE;2011;83.17249142764247
Montenegro;MNE;2012;83.31875695125115
Montenegro;MNE;2013;83.54369093448223
Montenegro;MNE;2014;83.56485791465127
Montenegro;MNE;2015;83.99361507492188
Montenegro;MNE;2016;83.54598992401925
Montenegro;MNE;2017;83.95382161009483
Montenegro;MNE;2018;84.36050962231771
Montenegro;MNE;2019;83.94389800265486
Montenegro;MNE;2020;83.49941457659284
Montenegro;MNE;2021;83.13995065133713
Montenegro;MNE;2022;83.97946919758267
Montenegro;MNE;2023;84.6291563174449
Montenegro;MNE;2024;84.68035216476024
Morocco;MAR;2009;69.68701076768092
Morocco;MAR;2010;71.24628688462647
Morocco;MAR;2011;72.0381993875855
Morocco;MAR;2012;72.86955554849054
Morocco;MAR;2013;73.70931647745948
Morocco;MAR;2014;74.41976527974816
Morocco;MAR;2015;75.15076579944358
Morocco;MAR;2016;75.89610681360732
Morocco;MAR;2017;76.65210237233585
Morocco;MAR;2018;76.844139898919
Morocco;MAR;2019;77.4645381794892
Morocco;MAR;2020;77.3908473532497
Morocco;MAR;2021;77.85308861430558
Morocco;MAR;2022;79.13372494054838
Morocco;MAR;2023;79.71761758719273
Morocco;MAR;2024;80.02297587680245
Mozambique;MOZ;2009;46.84330905138556
Mozambique;MOZ;2010;47.92830687378553
Mozambique;MOZ;2011;48.783661205917035
Mozambique;MOZ;2012;49.47974008691141
Mozambique;MOZ;2013;51.040043924712975
Mozambique;MOZ;2014;51.83670984210072
Mozambique;MOZ;2015;52.453351305827525
Mozambique;MOZ;2016;53.34093275274535
Mozambique;MOZ;2017;53.63195091273705
Mozambique;MOZ;2018;54.66678356184086
Mozambique;MOZ;2019;54.79663497643875
Mozambique;MOZ;2020;54.992149809847426
Mozambique;MOZ;2021;54.821779920135924
Mozambique;MOZ;2022;56.058557584092895
Mozambique;MOZ;2023;56.76056209796647
Mozambique;MOZ;2024;56.76101688953998
Namibia;NAM;2009;60.03622403506773
Namibia;NAM;2010;60.49595336337431
Namibia;NAM;2011;60.830864997555544
Namibia;NAM;2012;61.4977096978387
Namibia;NAM;2013;62.16974297397333
Namibia;NAM;2014;62.8204347001283
Namibia;NAM;2015;63.514705637372046
Namibia;NAM;2016;63.89479230965268
Namibia;NAM;2017;64.75172748420874
Namibia;NAM;2018;65.18751684865286
Namibia;NAM;2019;66.00029040012907
Namibia;NAM;2020;66.54912816571597
Namibia;NAM;2021;65.94492256782063
Namibia;NAM;2022;67.21751027618262
Namibia;NAM;2023;68.48434880896372
Namibia;NAM;2024;68.54877161666074
Nepal;NPL;2009;62.554945350311144
Nepal;NPL;2010;64.58583479773014
Nepal;NPL;2011;65.09125212621089
Nepal;NPL;2012;66.63468487910893
Nepal;NPL;2013;67.42466133037905
Nepal;NPL;2014;68.44460723837528
Nepal;NPL;2015;68.20318163247163
Nepal;NPL;2016;69.80533430656392
Nepal;NPL;2017;69.96476744736529
Nepal;NPL;2018;71.33682089267406
Nepal;NPL;2019;71.55875457173539
Nepal;NPL;2020;72.11420209315452
Nepal;NPL;2021;71.93592479501594
Nepal;NPL;2022;72.75558403260656
Nepal;NPL;2023;74.11131412632554
Nepal;NPL;2024;74.3644283023511
Netherlands;NLD;2009;91.68726825034523
Netherlands;NLD;2010;92.28122367282498
Netherlands;NLD;2011;93.99222292632561
Netherlands;NLD;2012;92.1083924091088
Netherlands;NLD;2013;92.38084869656802
Netherlands;NLD;2014;92.77024998469949
Netherlands;NLD;2015;93.01358583669527
Netherlands;NLD;2016;92.92235823463612
Netherlands;NLD;2017;93.67715163869373
Netherlands;NLD;2018;93.83342168977376
Netherlands;NLD;2019;94.05793063183982
Netherlands;NLD;2020;95.6183135981673
Netherlands;NLD;2021;96.4522355528047
Netherlands;NLD;2022;96.72384349255012
Netherlands;NLD;2023;96.66679434743666
Netherlands;NLD;2024;96.66679434743666
New Zealand;NZL;2009;91.37981941242873
New Zealand;NZL;2010;90.85102044448836
New Zealand;NZL;2011;90.95092224436259
New Zealand;NZL;2012;90.94753851560468
New Zealand;NZL;2013;91.00164892996816
New Zealand;NZL;2014;91.17046772453669
New Zealand;NZL;2015;91.31764180980022
New Zealand;NZL;2016;91.28988546187473
New Zealand;NZL;2017;91.36138504465825
New Zealand;NZL;2018;91.32478794426588
New Zealand;NZL;2019;92.01419409364937
New Zealand;NZL;2020;91.55425955150069
New Zealand;NZL;2021;92.02942189788716
New Zealand;NZL;2022;91.52334556325683
New Zealand;NZL;2023;91.59825446802729
New Zealand;NZL;2024;91.59825446802729
Niger;NER;2009;42.382487261264636
Niger;NER;2010;43.24258021499751
Niger;NER;2011;43.85812133178106
Niger;NER;2012;44.330675953932825
Niger;NER;2013;44.84958861726344
Niger;NER;2014;45.36848823641086
Niger;NER;2015;45.829046762805866
Niger;NER;2016;46.40308575285404
Niger;NER;2017;46.78811533577435
Niger;NER;2018;46.98854230824699
Niger;NER;2019;47.205359333876494
Niger;NER;2020;47.227898087528104
Niger;NER;2021;47.192975038519755
Niger;NER;2022;47.72459013950054
Niger;NER;2023;48.217184568230095
Niger;NER;2024;48.07081601935253
North Macedonia;MKD;2009;79.36251515820587
North Macedonia;MKD;2010;79.66636527928833
North Macedonia;MKD;2011;79.84355152865213
North Macedonia;MKD;2012;79.84628424829943
North Macedonia;MKD;2013;79.78295345087257
North Macedonia;MKD;2014;79.88171827281111
North Macedonia;MKD;2015;80.29009597762642
North Macedonia;MKD;2016;80.47810386661142
North Macedonia;MKD;2017;80.83426097748729
North Macedonia;MKD;2018;81.15274490340512
North Macedonia;MKD;2019;81.21726909143187
North Macedonia;MKD;2020;80.5276707685379
North Macedonia;MKD;2021;80.49506924904733
North Macedonia;MKD;2022;82.46810104454345
North Macedonia;MKD;2023;82.91835869342641
North Macedonia;MKD;2024;83.03737437470706
Norway;NOR;2009;93.38501636315458
Norway;NOR;2010;93.73798281437351
Norway;NOR;2011;94.02462428025567
Norway;NOR;2012;94.1994498998593
Norway;NOR;2013;94.86841447259377
Norway;NOR;2014;95.13772370886618
Norway;NOR;2015;95.2331589525624
Norway;NOR;2016;95.42144879960262
Norway;NOR;2017;95.90184137379659
Norway;NOR;2018;96.42079445950496
Norway;NOR;2019;96.40922065063484
Norway;NOR;2020;96.16775413074257
Norway;NOR;2021;97.80743523074298
Norway;NOR;2022;99.8569499487628
Norway;NOR;2023;99.6814815941664
Norway;NOR;2024;99.6814815941664
Oman;OMN;2009;82.8325507796236
Oman;OMN;2010;84.60636937985936
Oman;OMN;2011;86.00472582316209
Oman;OMN;2012;85.84088960231986
Oman;OMN;2013;85.83876506320435
Oman;OMN;2014;85.83485416129507
Oman;OMN;2015;85.31804427355436
Oman;OMN;2016;85.35551075747544
Oman;OMN;2017;85.25329386399024
Oman;OMN;2018;85.80207969728588
Oman;OMN;2019;85.51684537115389
Oman;OMN;2020;84.02059432032202
Oman;OMN;2021;83.2583159535249
Oman;OMN;2022;84.13032986576316
Oman;OMN;2023;84.61250133232309
Oman;OMN;2024;84.61250133232309
Pakistan;PAK;2009;58.66776714098826
Pakistan;PAK;2010;59.461652581666705
Pakistan;PAK;2011;59.87827847482037
Pakistan;PAK;2012;60.38638672296066
Pakistan;PAK;2013;60.859609754422486
Pakistan;PAK;2014;61.341351207717
Pakistan;PAK;2015;61.901382050632016
Pakistan;PAK;2016;62.405847400453375
Pakistan;PAK;2017;62.770396792900165
Pakistan;PAK;2018;63.27081152843084
Pakistan;PAK;2019;63.97764233482116
Pakistan;PAK;2020;63.97038113236366
Pakistan;PAK;2021;64.36128475275525
Pakistan;PAK;2022;64.96735546978653
Pakistan;PAK;2023;65.46052713781512
Pakistan;PAK;2024;66.08146710157979
Palau;PLW;2009;80.95497066486831
Palau;PLW;2010;81.14927714532107
Palau;PLW;2011;81.42654801746531
Palau;PLW;2012;81.37469817145558
Palau;PLW;2013;81.47153425682161
Palau;PLW;2014;81.64105578535026
Palau;PLW;2015;82.25464985595706
Palau;PLW;2016;82.85375672957103
Palau;PLW;2017;83.53673552606564
Palau;PLW;2018;84.18091224778588
Palau;PLW;2019;84.89890814468734
Palau;PLW;2020;85.45577938460849
Palau;PLW;2021;79.4474587698512
Palau;PLW;2022;78.10235391262219
Palau;PLW;2023;78.18856485335733
Palau;PLW;2024;78.18856485335733
Panama;PAN;2009;77.56900594288199
Panama;PAN;2010;77.89451465176975
Panama;PAN;2011;78.23862985092255
Panama;PAN;2012;78.91093248732591
Panama;PAN;2013;79.4033922729318
Panama;PAN;2014;79.682488605361
Panama;PAN;2015;80.34933039213101
Panama;PAN;2016;81.212782452491
Panama;PAN;2017;80.86892409422805
Panama;PAN;2018;80.93825446649315
Panama;PAN;2019;81.11465204320602
Panama;PAN;2020;80.01229824566364
Panama;PAN;2021;81.22218247169009
Panama;PAN;2022;82.74270572915864
Panama;PAN;2023;82.96782385990988
Panama;PAN;2024;82.96782385990988
Paraguay;PRY;2009;75.5263108898857
Paraguay;PRY;2010;75.81454710041588
Paraguay;PRY;2011;76.341131896864
Paraguay;PRY;2012;77.10214350751276
Paraguay;PRY;2013;77.3964018938981
Paraguay;PRY;2014;77.52510952148864
Paraguay;PRY;2015;77.61186191804981
Paraguay;PRY;2016;77.62312884618008
Paraguay;PRY;2017;77.8890496697347
Paraguay;PRY;2018;78.14288027868636
Paraguay;PRY;2019;78.29778029973987
Paraguay;PRY;2020;78.0914267415536
Paraguay;PRY;2021;76.5712087680593
Paraguay;PRY;2022;77.7880576463639
Paraguay;PRY;2023;78.12654365388408
Paraguay;PRY;2024;78.08814448302216
Peru;PER;2009;79.85364100692122
Peru;PER;2010;80.5156258027498
Peru;PER;2011;81.11398088139673
Peru;PER;2012;81.48861389473386
Peru;PER;2013;82.38573955498927
Peru;PER;2014;82.58547525057475
Peru;PER;2015;82.9263111502352
Peru;PER;2016;83.26051527361199
Peru;PER;2017;83.0967656803338
Peru;PER;2018;83.07953493576548
Peru;PER;2019;83.20504187461843
Peru;PER;2020;82.36468886336208
Peru;PER;2021;81.81424336362481
Peru;PER;2022;83.8927894017429
Peru;PER;2023;85.0043787224363
Peru;PER;2024;85.06651357982715
Philippines;PHL;2009;72.13754804312485
Philippines;PHL;2010;72.54193217193956
Philippines;PHL;2011;72.95504845731602
Philippines;PHL;2012;73.13453320652306
Philippines;PHL;2013;73.47758387163661
Philippines;PHL;2014;73.96950853336214
Philippines;PHL;2015;74.20569118544059
Philippines;PHL;2016;74.82602149331316
Philippines;PHL;2017;74.56782356880387
Philippines;PHL;2018;74.03019780652915
Philippines;PHL;2019;74.87617825161284
Philippines;PHL;2020;75.40317840593062
Philippines;PHL;2021;74.30466385943048
Philippines;PHL;2022;76.10398834979982
Philippines;PHL;2023;77.08604438576097
Philippines;PHL;2024;76.81133910650283
Poland;POL;2009;85.42071918224434
Poland;POL;2010;86.06831679653536
Poland;POL;2011;86.32119446878612
Poland;POL;2012;86.3113046298231
Poland;POL;2013;87.36100670459372
Poland;POL;2014;87.30142411786909
Poland;POL;2015;87.27812838883435
Poland;POL;2016;87.52135407201891
Poland;POL;2017;87.73833512922168
Poland;POL;2018;88.00423730944192
Poland;POL;2019;88.19936762592867
Poland;POL;2020;87.9886765851011
Poland;POL;2021;87.75964358223717
Poland;POL;2022;88.58828129148523
Poland;POL;2023;89.24702900056263
Poland;POL;2024;89.36922701763012
Portugal;PRT;2009;87.1216129607875
Portugal;PRT;2010;87.50784913176923
Portugal;PRT;2011;88.1107820571134
Portugal;PRT;2012;88.08844500256953
Portugal;PRT;2013;89.08537884339192
Portugal;PRT;2014;88.86951290075913
Portugal;PRT;2015;89.13919318026402
Portugal;PRT;2016;89.23614639606956
Portugal;PRT;2017;89.69454521763504
Portugal;PRT;2018;89.9365456710768
Portugal;PRT;2019;90.363515611501
Portugal;PRT;2020;90.1022708938051
Portugal;PRT;2021;90.67514105737389
Portugal;PRT;2022;91.29168619953822
Portugal;PRT;2023;91.78228813629279
Portugal;PRT;2024;91.89403034459532
Qatar;QAT;2009;89.01778809680619
Qatar;QAT;2010;89.29133447862012
Qatar;QAT;2011;89.57950350416094
Qatar;QAT;2012;89.95065760781485
Qatar;QAT;2013;90.23225300592864
Qatar;QAT;2014;90.64496931651152
Qatar;QAT;2015;91.08198803183201
Qatar;QAT;2016;90.71276914383695
Qatar;QAT;2017;91.44513416019355
Qatar;QAT;2018;91.629148534914
Qatar;QAT;2019;92.31669200021223
Qatar;QAT;2020;91.75801169036917
Qatar;QAT;2021;91.63651332792105
Qatar;QAT;2022;92.93751454522912
Qatar;QAT;2023;93.12156851512306
Qatar;QAT;2024;93.12156851512306
Romania;ROU;2009;84.54281900768285
Romania;ROU;2010;84.05193534812129
Romania;ROU;2011;83.71155954263232
Romania;ROU;2012;82.52446166307654
Romania;ROU;2013;82.40592601426326
Romania;ROU;2014;82.34526062499134
Romania;ROU;2015;82.20243719789786
Romania;ROU;2016;82.31250761329623
Romania;ROU;2017;82.70407825340796
Romania;ROU;2018;82.9488472915306
Romania;ROU;2019;83.31953667864255
Romania;ROU;2020;82.8991354863734
Romania;ROU;2021;82.76707592232452
Romania;ROU;2022;83.61928608269919
Romania;ROU;2023;83.85697034515893
Romania;ROU;2024;83.96995622088781
Russian Federation;RUS;2009;82.36938432549287
Russian Federation;RUS;2010;83.10821392855975
Russian Federation;RUS;2011;83.99728319748966
Russian Federation;RUS;2012;84.49192534062178
Russian Federation;RUS;2013;84.91782176673406
Russian Federation;RUS;2014;85.05854813757097
Russian Federation;RUS;2015;84.61736245786588
Russian Federation;RUS;2016;85.00800877446704
Russian Federation;RUS;2017;85.50022934195307
Russian Federation;RUS;2018;85.99472697790176
Russian Federation;RUS;2019;86.2159113961853
Russian Federation;RUS;2020;82.64255029108656
Russian Federation;RUS;2021;82.4915408934635
Russian Federation;RUS;2022;83.51647619862949
Russian Federation;RUS;2023;87.04164507814833
Russian Federation;RUS;2024;84.28446418499298
Rwanda;RWA;2009;52.279504974502444
Rwanda;RWA;2010;53.14563311318814
Rwanda;RWA;2011;54.42069095038777
Rwanda;RWA;2012;55.923091610730204
Rwanda;RWA;2013;55.13611804378107
Rwanda;RWA;2014;57.13899062899548
Rwanda;RWA;2015;57.49757815408145
Rwanda;RWA;2016;58.30904554418933
Rwanda;RWA;2017;59.10773257002015
Rwanda;RWA;2018;59.74836065488803
Rwanda;RWA;2019;61.05437183564405
Rwanda;RWA;2020;61.17554042412341
Rwanda;RWA;2021;61.58222897379976
Rwanda;RWA;2022;62.07184275647246
Rwanda;RWA;2023;63.78203520201874
Rwanda;RWA;2024;64.20968746296715
Samoa;WSM;2009;73.17895440438382
Samoa;WSM;2010;74.35193752274922
Samoa;WSM;2011;74.30140280705923
Samoa;WSM;2012;74.18258772082386
Samoa;WSM;2013;74.44069244460422
Samoa;WSM;2014;74.80700110363657
Samoa;WSM;2015;74.867173958114
Samoa;WSM;2016;74.94596008301589
Samoa;WSM;2017;74.74788103892111
Samoa;WSM;2018;75.18445079233464
Samoa;WSM;2019;74.62474829235876
Samoa;WSM;2020;75.41739193804237
Samoa;WSM;2021;75.48845949959853
Samoa;WSM;2022;75.60078366641666
Samoa;WSM;2023;75.59550172961397
Samoa;WSM;2024;75.66316175962541
San Marino;SMR;2009;87.06305135621479
San Marino;SMR;2010;87.40920731035216
San Marino;SMR;2011;87.33172662038638
San Marino;SMR;2012;86.82537723173168
San Marino;SMR;2013;86.65211926272937
San Marino;SMR;2014;86.48263354731638
San Marino;SMR;2015;86.29905410600655
San Marino;SMR;2016;86.10756153592766
San Marino;SMR;2017;85.90884393523348
San Marino;SMR;2018;85.58461908468257
San Marino;SMR;2019;86.21464520262168
San Marino;SMR;2020;85.4078139917928
San Marino;SMR;2021;86.57304013896557
San Marino;SMR;2022;87.64357505435709
San Marino;SMR;2023;87.34567807868102
San Marino;SMR;2024;87.83561827491411
Saudi Arabia;SAU;2009;83.36190555775059
Saudi Arabia;SAU;2010;84.49347539410253
Saudi Arabia;SAU;2011;85.8840799907927
Saudi Arabia;SAU;2012;86.51178752842713
Saudi Arabia;SAU;2013;86.68359688280117
Saudi Arabia;SAU;2014;87.80575186974882
Saudi Arabia;SAU;2015;87.76537038047061
Saudi Arabia;SAU;2016;88.47650788680177
Saudi Arabia;SAU;2017;89.59762746821374
Saudi Arabia;SAU;2018;90.46941396141472
Saudi Arabia;SAU;2019;90.60528760385715
Saudi Arabia;SAU;2020;89.1044933506321
Saudi Arabia;SAU;2021;89.71383000441027
Saudi Arabia;SAU;2022;92.13764154883624
Saudi Arabia;SAU;2023;92.12311257928384
Saudi Arabia;SAU;2024;91.81519393189654
Senegal;SEN;2009;58.35419458914909
Senegal;SEN;2010;59.06771950877374
Senegal;SEN;2011;60.23393748082467
Senegal;SEN;2012;60.95318380603474
Senegal;SEN;2013;61.59838462221568
Senegal;SEN;2014;62.452787405310126
Senegal;SEN;2015;62.69024095237861
Senegal;SEN;2016;63.164681913594755
Senegal;SEN;2017;63.02179728152917
Senegal;SEN;2018;63.63404922708609
Senegal;SEN;2019;64.18936425789805
Senegal;SEN;2020;63.770809449893086
Senegal;SEN;2021;64.25588476884307
Senegal;SEN;2022;64.83366407622827
Senegal;SEN;2023;65.84449785032602
Senegal;SEN;2024;65.79353989422245
Serbia;SRB;2009;81.25005010773188
Serbia;SRB;2010;81.3193494965577
Serbia;SRB;2011;81.83105613882888
Serbia;SRB;2012;82.16410911383412
Serbia;SRB;2013;82.62018515921439
Serbia;SRB;2014;82.79344866678461
Serbia;SRB;2015;83.086405623476
Serbia;SRB;2016;83.56354721531093
Serbia;SRB;2017;83.85283623782455
Serbia;SRB;2018;84.09966551687896
Serbia;SRB;2019;84.18529490743984
Serbia;SRB;2020;83.59960197033716
Serbia;SRB;2021;83.27604749279496
Serbia;SRB;2022;84.18115346803769
Serbia;SRB;2023;84.95681575051437
Serbia;SRB;2024;85.06040418653649
Seychelles;SYC;2009;74.45836459260258
Seychelles;SYC;2010;74.54795088892303
Seychelles;SYC;2011;75.03305244551593
Seychelles;SYC;2012;75.52493057018764
Seychelles;SYC;2013;76.36828189573195
Seychelles;SYC;2014;77.3856023749368
Seychelles;SYC;2015;78.92576445339847
Seychelles;SYC;2016;80.81946718214522
Seychelles;SYC;2017;83.35351672356383
Seychelles;SYC;2018;82.33882139093522
Seychelles;SYC;2019;82.38984599605297
Seychelles;SYC;2020;82.07569283244172
Seychelles;SYC;2021;80.80243635685345
Seychelles;SYC;2022;77.19314339039613
Seychelles;SYC;2023;77.49457744340702
Seychelles;SYC;2024;77.2421090530114
Singapore;SGP;2009;94.73552210212223
Singapore;SGP;2010;96.08210583839121
Singapore;SGP;2011;96.32084527238905
Singapore;SGP;2012;96.87102685222018
Singapore;SGP;2013;96.64078329711445
Singapore;SGP;2014;96.6387211253247
Singapore;SGP;2015;96.33307228036047
Singapore;SGP;2016;96.29199947035474
Singapore;SGP;2017;96.86859123857616
Singapore;SGP;2018;96.96427359123894
Singapore;SGP;2019;97.20110176900218
Singapore;SGP;2020;96.68054417930429
Singapore;SGP;2021;98.59924063176821
Singapore;SGP;2022;98.83488231459435
Singapore;SGP;2023;97.96137687206846
Singapore;SGP;2024;98.35394162651758
Slovak Republic;SVK;2009;83.67931331948378
Slovak Republic;SVK;2010;84.02358061142067
Slovak Republic;SVK;2011;84.27632963814564
Slovak Republic;SVK;2012;84.38977284842898
Slovak Republic;SVK;2013;84.24451316937353
Slovak Republic;SVK;2014;84.26488128645376
Slovak Republic;SVK;2015;84.10867959233877
Slovak Republic;SVK;2016;84.11946052219909
Slovak Republic;SVK;2017;84.10541892028118
Slovak Republic;SVK;2018;84.19569863955623
Slovak Republic;SVK;2019;84.36377290616728
Slovak Republic;SVK;2020;84.00404440530164
Slovak Republic;SVK;2021;83.54147215946148
Slovak Republic;SVK;2022;84.48736369882845
Slovak Republic;SVK;2023;85.07130958408426
Slovak Republic;SVK;2024;85.15278675726856
Slovenia;SVN;2009;89.18703973059951
Slovenia;SVN;2010;89.45735654017413
Slovenia;SVN;2011;89.37614248425417
Slovenia;SVN;2012;89.42681813205557
Slovenia;SVN;2013;90.5983881204772
Slovenia;SVN;2014;90.66853270188054
Slovenia;SVN;2015;90.38148963147711
Slovenia;SVN;2016;90.97298192322671
Slovenia;SVN;2017;91.05433727322485
Slovenia;SVN;2018;91.08281152959225
Slovenia;SVN;2019;90.97133183188421
Slovenia;SVN;2020;90.33709915067404
Slovenia;SVN;2021;90.93482855761275
Slovenia;SVN;2022;91.09554020378467
Slovenia;SVN;2023;91.3342204164948
Slovenia;SVN;2024;91.3342204164948
South Africa;ZAF;2009;66.25366734752953
South Africa;ZAF;2010;67.45746062075202
South Africa;ZAF;2011;68.80642718776026
South Africa;ZAF;2012;69.86639599326521
South Africa;ZAF;2013;70.70793474227204
South Africa;ZAF;2014;71.5800197326688
South Africa;ZAF;2015;72.3129480959859
South Africa;ZAF;2016;72.44441920723108
South Africa;ZAF;2017;73.17434720496551
South Africa;ZAF;2018;73.07255747826224
South Africa;ZAF;2019;73.47504825966828
South Africa;ZAF;2020;73.62914178773416
South Africa;ZAF;2021;72.79348705787761
South Africa;ZAF;2022;73.59153982502986
South Africa;ZAF;2023;73.84823940023047
South Africa;ZAF;2024;73.83515663262186
Spain;ESP;2009;90.80965573500963
Spain;ESP;2010;91.77005794397908
Spain;ESP;2011;92.68242912903003
Spain;ESP;2012;92.92536922663295
Spain;ESP;2013;93.22548646274672
Spain;ESP;2014;93.45113190330777
Spain;ESP;2015;93.49626817084675
Spain;ESP;2016;93.7397441114181
Spain;ESP;2017;93.73534371267874
Spain;ESP;2018;93.7765915403318
Spain;ESP;2019;93.78296400117496
Spain;ESP;2020;92.65826370074448
Spain;ESP;2021;93.71881341964855
Spain;ESP;2022;93.80224797074077
Spain;ESP;2023;94.04642589256181
Spain;ESP;2024;94.04642589256181
Sri Lanka;LKA;2009;74.20870302625619
Sri Lanka;LKA;2010;76.31895849808951
Sri Lanka;LKA;2011;76.83464823296944
Sri Lanka;LKA;2012;77.20620857363038
Sri Lanka;LKA;2013;77.9200970194198
Sri Lanka;LKA;2014;78.20632273232037
Sri Lanka;LKA;2015;78.67012023564341
Sri Lanka;LKA;2016;78.98972420872711
Sri Lanka;LKA;2017;79.14095467126275
Sri Lanka;LKA;2018;79.7059547285957
Sri Lanka;LKA;2019;79.75036104105527
Sri Lanka;LKA;2020;79.67985008711187
Sri Lanka;LKA;2021;79.35632189048809
Sri Lanka;LKA;2022;79.57226320763911
Sri Lanka;LKA;2023;79.48332456823563
Sri Lanka;LKA;2024;79.57158376641141
St. Lucia;LCA;2009;77.42132437255592
St. Lucia;LCA;2010;77.04093658996617
St. Lucia;LCA;2011;77.50858119454385
St. Lucia;LCA;2012;76.66220127020075
St. Lucia;LCA;2013;76.93073292263895
St. Lucia;LCA;2014;77.21552076977791
St. Lucia;LCA;2015;77.4166277074162
St. Lucia;LCA;2016;77.48803728529452
St. Lucia;LCA;2017;77.50838935762985
St. Lucia;LCA;2018;77.06705161829758
St. Lucia;LCA;2019;77.01501167422255
St. Lucia;LCA;2020;77.16176145759093
St. Lucia;LCA;2021;76.01213523942059
St. Lucia;LCA;2022;77.17315490808309
St. Lucia;LCA;2023;77.20894368322823
St. Lucia;LCA;2024;77.13041342261242
Sudan;SDN;2009;55.50996466404744
Sudan;SDN;2010;56.52672667600888
Sudan;SDN;2011;56.53710718424283
Sudan;SDN;2012;57.390136271578584
Sudan;SDN;2013;58.15829413151834
Sudan;SDN;2014;58.73044314350251
Sudan;SDN;2015;59.366908570301646
Sudan;SDN;2016;59.72574446590847
Sudan;SDN;2017;60.49892604846014
Sudan;SDN;2018;60.90697496325655
Sudan;SDN;2019;61.50557658100318
Sudan;SDN;2020;61.63524850956533
Sudan;SDN;2021;61.748086974025426
Sudan;SDN;2022;62.45764585576907
Sudan;SDN;2023;63.01226844205991
Sudan;SDN;2024;62.982215506352865
Sweden;SWE;2009;90.33369610347938
Sweden;SWE;2010;90.87736978827306
Sweden;SWE;2011;90.96558281435821
Sweden;SWE;2012;90.69576919706115
Sweden;SWE;2013;93.4080050573134
Sweden;SWE;2014;93.59953007518712
Sweden;SWE;2015;94.19471001803153
Sweden;SWE;2016;94.44497822041555
Sweden;SWE;2017;95.22012385343419
Sweden;SWE;2018;95.388076193579
Sweden;SWE;2019;95.47669344339299
Sweden;SWE;2020;95.4094259749462
Sweden;SWE;2021;96.76191613249134
Sweden;SWE;2022;96.65628779115426
Sweden;SWE;2023;96.00106741562671
Sweden;SWE;2024;96.04406927383032
Switzerland;CHE;2009;90.17190298328137
Switzerland;CHE;2010;90.97270582760284
Switzerland;CHE;2011;90.9582239698337
Switzerland;CHE;2012;91.32020141381872
Switzerland;CHE;2013;91.71141252024265
Switzerland;CHE;2014;92.07724846013157
Switzerland;CHE;2015;92.47225508606752
Switzerland;CHE;2016;92.62853641969951
Switzerland;CHE;2017;92.61303530575906
Switzerland;CHE;2018;92.84864682356938
Switzerland;CHE;2019;93.09951321679522
Switzerland;CHE;2020;92.61288233712587
Switzerland;CHE;2021;93.51445286983838
Switzerland;CHE;2022;93.93696136101421
Switzerland;CHE;2023;93.88038359191484
Switzerland;CHE;2024;93.88038359191484
Tajikistan;TJK;2009;72.57154989831429
Tajikistan;TJK;2010;72.83195574959808
Tajikistan;TJK;2011;73.20138794595438
Tajikistan;TJK;2012;73.68558416906085
Tajikistan;TJK;2013;74.08594296286324
Tajikistan;TJK;2014;74.45903061910745
Tajikistan;TJK;2015;74.65085854365378
Tajikistan;TJK;2016;75.14134571592557
Tajikistan;TJK;2017;75.5638765775471
Tajikistan;TJK;2018;75.94714315633436
Tajikistan;TJK;2019;76.20197299869785
Tajikistan;TJK;2020;75.51197225089162
Tajikistan;TJK;2021;75.94093790829903
Tajikistan;TJK;2022;76.94451730817627
Tajikistan;TJK;2023;76.55128251438191
Tajikistan;TJK;2024;76.46229436320013
Tanzania;TZA;2009;51.465952559053385
Tanzania;TZA;2010;52.36320393594289
Tanzania;TZA;2011;52.86954941882448
Tanzania;TZA;2012;53.54505381005815
Tanzania;TZA;2013;54.04674938770114
Tanzania;TZA;2014;54.941578135297796
Tanzania;TZA;2015;55.240007211556296
Tanzania;TZA;2016;56.19928746251346
Tanzania;TZA;2017;56.67388040536145
Tanzania;TZA;2018;57.50571652743965
Tanzania;TZA;2019;58.16830787363105
Tanzania;TZA;2020;59.22310566731797
Tanzania;TZA;2021;58.89547752945873
Tanzania;TZA;2022;59.749224120759514
Tanzania;TZA;2023;60.16329778282926
Tanzania;TZA;2024;60.077994222614464
Thailand;THA;2009;79.36507296919916
Thailand;THA;2010;79.781601029145
Thailand;THA;2011;81.23682495713393
Thailand;THA;2012;81.0522986812868
Thailand;THA;2013;81.00160124341464
Thailand;THA;2014;84.99682589674929
Thailand;THA;2015;84.86808292822874
Thailand;THA;2016;85.1300099142248
Thailand;THA;2017;80.93127489263183
Thailand;THA;2018;81.01679911228163
Thailand;THA;2019;81.07226748066283
Thailand;THA;2020;81.01706156840649
Thailand;THA;2021;81.43058793462488
Thailand;THA;2022;80.96239089484484
Thailand;THA;2023;82.06822607892076
Thailand;THA;2024;81.95064859639707
Timor-Leste;TLS;2009;60.93702886247277
Timor-Leste;TLS;2010;60.83710052234911
Timor-Leste;TLS;2011;63.086109985919535
Timor-Leste;TLS;2012;63.63487530538253
Timor-Leste;TLS;2013;64.01631487859561
Timor-Leste;TLS;2014;64.66023440983494
Timor-Leste;TLS;2015;65.71310069802776
Timor-Leste;TLS;2016;67.24393561743958
Timor-Leste;TLS;2017;68.19219471413757
Timor-Leste;TLS;2018;69.2201739568696
Timor-Leste;TLS;2019;70.32046683107089
Timor-Leste;TLS;2020;71.06553125630461
Timor-Leste;TLS;2021;71.58330621137517
Timor-Leste;TLS;2022;72.04780919244686
Timor-Leste;TLS;2023;72.27408103554089
Timor-Leste;TLS;2024;72.27408103554089
Togo;TGO;2009;53.444479833645495
Togo;TGO;2010;53.4844877221369
Togo;TGO;2011;54.813256552174074
Togo;TGO;2012;55.29404738783767
Togo;TGO;2013;55.98266561120098
Togo;TGO;2014;56.92080211401633
Togo;TGO;2015;57.34505165163317
Togo;TGO;2016;58.14130219133104
Togo;TGO;2017;58.75899535467347
Togo;TGO;2018;59.418797758939675
Togo;TGO;2019;60.09602858888204
Togo;TGO;2020;60.640118914658125
Togo;TGO;2021;61.10716437259618
Togo;TGO;2022;61.77002457241541
Togo;TGO;2023;62.30795217012886
Togo;TGO;2024;62.314841893977224
Tonga;TON;2009;76.78431371908505
Tonga;TON;2010;77.14668064717415
Tonga;TON;2011;77.3184616208424
Tonga;TON;2012;76.23558532734391
Tonga;TON;2013;76.61082843468722
Tonga;TON;2014;76.83908736565951
Tonga;TON;2015;77.9633982625865
Tonga;TON;2016;77.61382183263721
Tonga;TON;2017;77.65413493282183
Tonga;TON;2018;77.62063737973179
Tonga;TON;2019;77.47128709945163
Tonga;TON;2020;77.13338543377363
Tonga;TON;2021;79.22077259311827
Tonga;TON;2022;79.07933985814728
Tonga;TON;2023;79.29033101026876
Tonga;TON;2024;79.34481007656329
Tunisia;TUN;2009;78.53057641092079
Tunisia;TUN;2010;78.65920492382956
Tunisia;TUN;2011;78.74668067045911
Tunisia;TUN;2012;78.73074837611775
Tunisia;TUN;2013;78.51067032235423
Tunisia;TUN;2014;78.32857971497398
Tunisia;TUN;2015;78.43914671569969
Tunisia;TUN;2016;78.77231842466857
Tunisia;TUN;2017;78.81318249667892
Tunisia;TUN;2018;78.89401838997128
Tunisia;TUN;2019;79.0859272728518
Tunisia;TUN;2020;78.94785641174167
Tunisia;TUN;2021;78.39948986085585
Tunisia;TUN;2022;79.88108836238841
Tunisia;TUN;2023;80.26516896009241
Tunisia;TUN;2024;80.27328906296
Turkiye;TUR;2009;80.50831515620483
Turkiye;TUR;2010;81.94152236478148
Turkiye;TUR;2011;82.72495452863636
Turkiye;TUR;2012;83.50021938780576
Turkiye;TUR;2013;86.23360699197701
Turkiye;TUR;2014;87.37543088352233
Turkiye;TUR;2015;88.29377717246804
Turkiye;TUR;2016;89.1706114647568
Turkiye;TUR;2017;90.36308198699453
Turkiye;TUR;2018;90.87227505211986
Turkiye;TUR;2019;91.11871276130864
Turkiye;TUR;2020;90.95776606583945
Turkiye;TUR;2021;91.43962901963573
Turkiye;TUR;2022;92.45638752015367
Turkiye;TUR;2023;92.0428896408396
Turkiye;TUR;2024;92.0428896408396
Ukraine;UKR;2009;81.94989494811138
Ukraine;UKR;2010;82.49160690713288
Ukraine;UKR;2011;82.86989088427597
Ukraine;UKR;2012;83.38725879350737
Ukraine;UKR;2013;83.39318333136022
Ukraine;UKR;2014;83.54501060602783
Ukraine;UKR;2015;82.48711281296953
Ukraine;UKR;2016;82.5932284492252
Ukraine;UKR;2017;82.99543664164585
Ukraine;UKR;2018;82.93767865470085
Ukraine;UKR;2019;83.24840284072708
Ukraine;UKR;2020;82.88893658520308
Ukraine;UKR;2021;81.98763016268632
Ukraine;UKR;2022;82.32261594506781
Ukraine;UKR;2023;83.05435295336436
Ukraine;UKR;2024;83.35383456002494
United Arab Emirates;ARE;2009;90.80816502935203
United Arab Emirates;ARE;2010;90.36706745402641
United Arab Emirates;ARE;2011;91.29132424298437
United Arab Emirates;ARE;2012;91.26218913382513
United Arab Emirates;ARE;2013;91.33320812054556
United Arab Emirates;ARE;2014;91.26465274694311
United Arab Emirates;ARE;2015;90.30501270149861
United Arab Emirates;ARE;2016;90.21068430089984
United Arab Emirates;ARE;2017;90.43880982748655
United Arab Emirates;ARE;2018;90.67294781643149
United Arab Emirates;ARE;2019;90.72006474276915
United Arab Emirates;ARE;2020;89.27696639363441
United Arab Emirates;ARE;2021;89.4801102510453
United Arab Emirates;ARE;2022;91.42616901645349
United Arab Emirates;ARE;2023;92.39379679797524
United Arab Emirates;ARE;2024;92.60949954326657
United Kingdom;GBR;2009;87.76448857575367
United Kingdom;GBR;2010;88.34784102215838
United Kingdom;GBR;2011;87.63115353541265
United Kingdom;GBR;2012;87.44813364389218
United Kingdom;GBR;2013;90.56292214762448
United Kingdom;GBR;2014;91.04723479875808
United Kingdom;GBR;2015;90.739078368031
United Kingdom;GBR;2016;90.96888814502321
United Kingdom;GBR;2017;91.23956744831634
United Kingdom;GBR;2018;90.85906982362845
United Kingdom;GBR;2019;91.09947740420364
United Kingdom;GBR;2020;90.25512163402053
United Kingdom;GBR;2021;91.35278608149386
United Kingdom;GBR;2022;91.78971576180504
United Kingdom;GBR;2023;91.77612045647295
United Kingdom;GBR;2024;91.77612045647295
United States;USA;2009;90.34952107423354
United States;USA;2010;90.53416869193114
United States;USA;2011;90.62710906647831
United States;USA;2012;90.75473225880106
United States;USA;2013;90.83511592867968
United States;USA;2014;91.03653451750726
United States;USA;2015;91.1923199666502
United States;USA;2016;91.31388650933788
United States;USA;2017;91.40610196294229
United States;USA;2018;91.63340950712757
United States;USA;2019;91.84891439381356
United States;USA;2020;91.06138798409333
United States;USA;2021;91.02005850662253
United States;USA;2022;90.70804143454014
United States;USA;2023;91.15614311346353
United States;USA;2024;91.26652316881584
Uruguay;URY;2009;82.01141065792817
Uruguay;URY;2010;83.22169381190317
Uruguay;URY;2011;83.65814190613534
Uruguay;URY;2012;84.04339881451396
Uruguay;URY;2013;84.91764182310006
Uruguay;URY;2014;85.25219538555537
Uruguay;URY;2015;85.34410168645795
Uruguay;URY;2016;86.0673584127597
Uruguay;URY;2017;86.6628782631491
Uruguay;URY;2018;86.82890549860043
Uruguay;URY;2019;87.23711251926599
Uruguay;URY;2020;87.3407486498628
Uruguay;URY;2021;87.5552606808309
Uruguay;URY;2022;88.2401955105124
Uruguay;URY;2023;88.9851488136232
Uruguay;URY;2024;89.05178024594981
Uzbekistan;UZB;2009;73.4017928804878
Uzbekistan;UZB;2010;73.76362884479354
Uzbekistan;UZB;2011;74.05181930351758
Uzbekistan;UZB;2012;74.49110185392122
Uzbekistan;UZB;2013;74.77464943849162
Uzbekistan;UZB;2014;74.99009337239558
Uzbekistan;UZB;2015;75.30814187843326
Uzbekistan;UZB;2016;75.58016721459545
Uzbekistan;UZB;2017;75.87100691809609
Uzbekistan;UZB;2018;76.24682350015107
Uzbekistan;UZB;2019;76.72083260471246
Uzbekistan;UZB;2020;76.2038447708469
Uzbekistan;UZB;2021;77.51887209140595
Uzbekistan;UZB;2022;78.54472882039408
Uzbekistan;UZB;2023;79.83201414774224
Uzbekistan;UZB;2024;80.66930168989616
Viet Nam;VNM;2009;75.95312310577555
Viet Nam;VNM;2010;76.38392009405524
Viet Nam;VNM;2011;76.79448721511785
Viet Nam;VNM;2012;76.76683402914044
Viet Nam;VNM;2013;76.88385888773176
Viet Nam;VNM;2014;77.51241389446821
Viet Nam;VNM;2015;77.45241349617665
Viet Nam;VNM;2016;77.54159081713071
Viet Nam;VNM;2017;77.54111232650209
Viet Nam;VNM;2018;77.98438744323195
Viet Nam;VNM;2019;78.39582041950351
Viet Nam;VNM;2020;79.21957932778122
Viet Nam;VNM;2021;79.26136890565333
Viet Nam;VNM;2022;79.78750240091482
Viet Nam;VNM;2023;78.92169790468307
Viet Nam;VNM;2024;79.31460400219501
West Bank and Gaza;PSE;2009;77.79675499250486
West Bank and Gaza;PSE;2010;78.26727090357053
West Bank and Gaza;PSE;2011;78.55333787979943
West Bank and Gaza;PSE;2012;78.64330165620042
West Bank and Gaza;PSE;2013;78.70170256975844
West Bank and Gaza;PSE;2014;77.99251170474302
West Bank and Gaza;PSE;2015;79.10969358604993
West Bank and Gaza;PSE;2016;79.2968802734488
West Bank and Gaza;PSE;2017;79.56467671179
West Bank and Gaza;PSE;2018;79.76492405283787
West Bank and Gaza;PSE;2019;79.95049627957094
West Bank and Gaza;PSE;2020;79.58455110107155
West Bank and Gaza;PSE;2021;79.26428586833377
West Bank and Gaza;PSE;2022;80.33081640471103
West Bank and Gaza;PSE;2023;75.11724138681811
West Bank and Gaza;PSE;2024;75.11724138681811
Zimbabwe;ZWE;2009;54.12534954317463
Zimbabwe;ZWE;2010;54.884321284512815
Zimbabwe;ZWE;2011;55.906934328658764
Zimbabwe;ZWE;2012;57.77946266110649
Zimbabwe;ZWE;2013;56.184732026950215
Zimbabwe;ZWE;2014;56.25556776495333
Zimbabwe;ZWE;2015;57.05602053142358
Zimbabwe;ZWE;2016;58.38293370886657
Zimbabwe;ZWE;2017;58.87329962240374
Zimbabwe;ZWE;2018;59.39741050232277
Zimbabwe;ZWE;2019;59.62624813781334
Zimbabwe;ZWE;2020;60.408186717379486
Zimbabwe;ZWE;2021;59.7527497797026
Zimbabwe;ZWE;2022;60.74312748020034
Zimbabwe;ZWE;2023;62.202981905409914
Zimbabwe;ZWE;2024;62.17352505289578
